CREATE DATABASE  IF NOT EXISTS `mydb` /*!40100 DEFAULT CHARACTER SET utf8 */;
USE `mydb`;
-- MySQL dump 10.13  Distrib 5.7.17, for Win64 (x86_64)
--
-- Host: 127.0.0.1    Database: mydb
-- ------------------------------------------------------
-- Server version	5.7.38

/*!40101 SET @OLD_CHARACTER_SET_CLIENT=@@CHARACTER_SET_CLIENT */;
/*!40101 SET @OLD_CHARACTER_SET_RESULTS=@@CHARACTER_SET_RESULTS */;
/*!40101 SET @OLD_COLLATION_CONNECTION=@@COLLATION_CONNECTION */;
/*!40101 SET NAMES utf8 */;
/*!40103 SET @OLD_TIME_ZONE=@@TIME_ZONE */;
/*!40103 SET TIME_ZONE='+00:00' */;
/*!40014 SET @OLD_UNIQUE_CHECKS=@@UNIQUE_CHECKS, UNIQUE_CHECKS=0 */;
/*!40014 SET @OLD_FOREIGN_KEY_CHECKS=@@FOREIGN_KEY_CHECKS, FOREIGN_KEY_CHECKS=0 */;
/*!40101 SET @OLD_SQL_MODE=@@SQL_MODE, SQL_MODE='NO_AUTO_VALUE_ON_ZERO' */;
/*!40111 SET @OLD_SQL_NOTES=@@SQL_NOTES, SQL_NOTES=0 */;

--
-- Table structure for table `animal_feeding`
--

DROP TABLE IF EXISTS `animal_feeding`;
/*!40101 SET @saved_cs_client     = @@character_set_client */;
/*!40101 SET character_set_client = utf8 */;
CREATE TABLE `animal_feeding` (
  `id` int(11) NOT NULL AUTO_INCREMENT,
  `idstaff` int(11) NOT NULL,
  `idanimal` int(11) NOT NULL,
  `nickname` varchar(45) NOT NULL,
  `idfeed` int(11) NOT NULL,
  `feed_quantity` double NOT NULL,
  `time` varchar(45) NOT NULL,
  `date_feeding` varchar(45) NOT NULL,
  `status` varchar(45) DEFAULT NULL,
  PRIMARY KEY (`id`),
  UNIQUE KEY `id_UNIQUE` (`id`),
  KEY `qwee_idx` (`idanimal`),
  KEY `hgg_idx` (`idfeed`),
  KEY `fgfgh_idx` (`idstaff`),
  CONSTRAINT `fgfgh` FOREIGN KEY (`idstaff`) REFERENCES `staff` (`id`) ON DELETE NO ACTION ON UPDATE NO ACTION,
  CONSTRAINT `hgg` FOREIGN KEY (`idfeed`) REFERENCES `feed` (`id`) ON DELETE NO ACTION ON UPDATE NO ACTION,
  CONSTRAINT `qwee` FOREIGN KEY (`idanimal`) REFERENCES `animals` (`id`) ON DELETE NO ACTION ON UPDATE NO ACTION
) ENGINE=InnoDB AUTO_INCREMENT=3591 DEFAULT CHARSET=utf8;
/*!40101 SET character_set_client = @saved_cs_client */;

--
-- Dumping data for table `animal_feeding`
--

LOCK TABLES `animal_feeding` WRITE;
/*!40000 ALTER TABLE `animal_feeding` DISABLE KEYS */;
INSERT INTO `animal_feeding` VALUES (346,10,6,'Олег',2,3.24,'Утреннее','2023-05-10','Не покормлен'),(347,10,6,'Олег',2,3.24,'Утреннее','2023-05-10','Не покормлен'),(348,10,6,'Петр',2,9.89,'Утреннее','2023-05-10','Не покормлен'),(349,10,6,'Петр',2,9.89,'Утреннее','2023-05-10','Не покормлен'),(487,13,8,'Он',2,2.36,'Вечернее','2023-05-17','Ожидается'),(488,13,8,'Агык',2,1.23,'Утреннее','2023-05-17','Ожидается'),(489,13,8,'Агык',2,1.23,'Вечернее','2023-05-17','Ожидается'),(490,13,8,'Крутой',2,2.14,'Утреннее','2023-05-17','Ожидается'),(491,13,8,'Крутой',2,2.14,'Вечернее','2023-05-17','Ожидается'),(492,17,11,'Лииис',2,0.53,'Утреннее','2023-05-17','Ожидается'),(493,17,11,'Лииис',2,0.53,'Вечернее','2023-05-17','Ожидается'),(494,17,11,'Лиис',2,1,'Утреннее','2023-05-17','Ожидается'),(495,17,11,'Лиис',2,1,'Вечернее','2023-05-17','Ожидается'),(496,19,13,'Большой',3,543.67,'Утреннее','2023-05-17','Ожидается'),(497,19,13,'Большой',3,543.67,'Вечернее','2023-05-17','Ожидается'),(498,11,17,'Семён Николаевич',4,0.03,'Утреннее','2023-05-17','Ожидается'),(499,11,17,'Семён Николаевич',4,0.03,'Вечернее','2023-05-17','Ожидается'),(500,20,18,'Дефолтный',12,35,'Утреннее','2023-05-17','Ожидается'),(501,20,18,'Дефолтный',12,35,'Вечернее','2023-05-17','Ожидается'),(502,22,21,'Квак',13,0,'Утреннее','2023-05-17','Ожидается'),(503,22,21,'Квак',13,0,'Вечернее','2023-05-17','Ожидается'),(802,19,6,'Олег',2,3.24,'Утреннее','2023-05-10','Не покормлен'),(803,19,6,'Олег',2,3.24,'Утреннее','2023-05-10','Не покормлен'),(804,19,6,'Петр',2,9.89,'Утреннее','2023-05-10','Не покормлен'),(805,19,6,'Петр',2,9.89,'Утреннее','2023-05-10','Не покормлен'),(806,19,6,'Ысы',2,3.34,'Утреннее','2023-05-10','Не покормлен'),(807,19,6,'Ысы',2,3.34,'Утреннее','2023-05-10','Не покормлен'),(808,20,8,'Боб',2,0.11,'Утреннее','2023-05-10','Не покормлен'),(809,20,8,'Боб',2,0.11,'Утреннее','2023-05-10','Не покормлен'),(810,20,8,'Да',2,4.32,'Утреннее','2023-05-10','Не покормлен'),(811,20,8,'Да',2,4.32,'Утреннее','2023-05-10','Не покормлен'),(812,20,8,'Он',2,2.36,'Утреннее','2023-05-10','Не покормлен'),(813,20,8,'Он',2,2.36,'Утреннее','2023-05-10','Не покормлен'),(814,20,8,'Агык',2,1.23,'Утреннее','2023-05-10','Не покормлен'),(815,20,8,'Агык',2,1.23,'Утреннее','2023-05-10','Не покормлен'),(816,20,8,'Крутой',2,2.14,'Утреннее','2023-05-10','Не покормлен'),(817,20,8,'Крутой',2,2.14,'Утреннее','2023-05-10','Не покормлен'),(818,17,11,'Лииис',2,0.53,'Утреннее','2023-05-10','Не покормлен'),(819,17,11,'Лииис',2,0.53,'Утреннее','2023-05-10','Не покормлен'),(820,17,11,'Лиис',2,1,'Утреннее','2023-05-10','Не покормлен'),(821,17,11,'Лиис',2,1,'Утреннее','2023-05-10','Не покормлен'),(822,19,13,'Большой',3,543.67,'Утреннее','2023-05-10','Не покормлен'),(823,19,13,'Большой',3,543.67,'Утреннее','2023-05-10','Не покормлен'),(824,17,17,'Семён Николаевич',4,0.03,'Утреннее','2023-05-10','Не покормлен'),(825,17,17,'Семён Николаевич',4,0.03,'Утреннее','2023-05-10','Не покормлен'),(826,20,18,'Дефолтный',12,35,'Утреннее','2023-05-10','Не покормлен'),(827,20,18,'Дефолтный',12,35,'Утреннее','2023-05-10','Не покормлен'),(828,19,6,'Олег',2,3.24,'Утреннее','2023-05-12','Не покормлен'),(829,19,6,'Олег',2,3.24,'Утреннее','2023-05-12','Не покормлен'),(830,19,6,'Петр',2,9.89,'Утреннее','2023-05-12','Не покормлен'),(831,19,6,'Петр',2,9.89,'Утреннее','2023-05-12','Не покормлен'),(832,19,6,'Ысы',2,3.34,'Утреннее','2023-05-12','Не покормлен'),(833,19,6,'Ысы',2,3.34,'Утреннее','2023-05-12','Не покормлен'),(834,20,8,'Боб',1,0.11,'Утреннее','2023-05-12','Не покормлен'),(835,20,8,'Боб',1,0.11,'Утреннее','2023-05-12','Не покормлен'),(836,20,8,'Да',1,4.32,'Утреннее','2023-05-12','Не покормлен'),(837,20,8,'Да',1,4.32,'Утреннее','2023-05-12','Не покормлен'),(838,20,8,'Он',1,2.36,'Утреннее','2023-05-12','Не покормлен'),(839,20,8,'Он',1,2.36,'Утреннее','2023-05-12','Не покормлен'),(840,20,8,'Агык',1,1.23,'Утреннее','2023-05-12','Не покормлен'),(841,20,8,'Агык',1,1.23,'Утреннее','2023-05-12','Не покормлен'),(842,20,8,'Крутой',1,2.14,'Утреннее','2023-05-12','Не покормлен'),(843,20,8,'Крутой',1,2.14,'Утреннее','2023-05-12','Не покормлен'),(844,17,11,'Лииис',3,0.53,'Утреннее','2023-05-12','Не покормлен'),(845,17,11,'Лииис',3,0.53,'Утреннее','2023-05-12','Не покормлен'),(846,17,11,'Лиис',3,1,'Утреннее','2023-05-12','Не покормлен'),(847,17,11,'Лиис',3,1,'Утреннее','2023-05-12','Не покормлен'),(848,19,13,'Большой',3,543.67,'Утреннее','2023-05-12','Не покормлен'),(849,19,13,'Большой',3,543.67,'Утреннее','2023-05-12','Не покормлен'),(850,17,17,'Семён Николаевич',2,0.03,'Утреннее','2023-05-12','Не покормлен'),(851,17,17,'Семён Николаевич',2,0.03,'Утреннее','2023-05-12','Не покормлен'),(852,19,6,'Олег',2,3.24,'Утреннее','2023-05-14','Не покормлен'),(853,19,6,'Олег',2,3.24,'Вечернее','2023-05-14','Не покормлен'),(854,19,6,'Петр',2,9.89,'Утреннее','2023-05-14','Не покормлен'),(855,19,6,'Петр',2,9.89,'Вечернее','2023-05-14','Не покормлен'),(856,19,6,'Ысы',2,3.34,'Утреннее','2023-05-14','Не покормлен'),(857,19,6,'Ысы',2,3.34,'Вечернее','2023-05-14','Не покормлен'),(858,20,8,'Боб',2,0.11,'Утреннее','2023-05-14','Не покормлен'),(859,20,8,'Боб',2,0.11,'Вечернее','2023-05-14','Не покормлен'),(860,20,8,'Да',2,4.32,'Утреннее','2023-05-14','Не покормлен'),(861,20,8,'Да',2,4.32,'Вечернее','2023-05-14','Не покормлен'),(862,20,8,'Он',2,2.36,'Утреннее','2023-05-14','Не покормлен'),(863,20,8,'Он',2,2.36,'Вечернее','2023-05-14','Не покормлен'),(864,20,8,'Агык',2,1.23,'Утреннее','2023-05-14','Не покормлен'),(865,20,8,'Агык',2,1.23,'Вечернее','2023-05-14','Не покормлен'),(866,20,8,'Крутой',2,2.14,'Утреннее','2023-05-14','Не покормлен'),(867,20,8,'Крутой',2,2.14,'Вечернее','2023-05-14','Не покормлен'),(868,17,11,'Лииис',3,0.53,'Утреннее','2023-05-14','Не покормлен'),(869,17,11,'Лииис',3,0.53,'Вечернее','2023-05-14','Не покормлен'),(870,17,11,'Лиис',3,1,'Утреннее','2023-05-14','Не покормлен'),(871,17,11,'Лиис',3,1,'Вечернее','2023-05-14','Не покормлен'),(872,19,13,'Большой',2,543.67,'Утреннее','2023-05-14','Не покормлен'),(873,19,13,'Большой',2,543.67,'Вечернее','2023-05-14','Не покормлен'),(874,16,12,'Леша',1,7.84,'Утреннее','2023-05-14','Покормлен'),(875,16,12,'Леша',1,7.84,'Вечернее','2023-05-14','Не покормлен'),(876,17,17,'Семён Николаевич',4,0.03,'Утреннее','2023-05-14','Не покормлен'),(877,17,17,'Семён Николаевич',4,0.03,'Вечернее','2023-05-14','Не покормлен'),(878,20,18,'Дефолтный',12,35,'Утреннее','2023-05-14','Не покормлен'),(879,20,18,'Дефолтный',12,35,'Вечернее','2023-05-14','Не покормлен'),(880,22,16,'Ыфв',4,2.33,'Утреннее','2023-05-14','Не покормлен'),(881,22,16,'Ыфв',4,2.33,'Вечернее','2023-05-14','Не покормлен'),(882,20,8,'Боб',2,0.11,'Утреннее','2023-05-16','Не покормлен'),(883,20,8,'Боб',2,0.11,'Вечернее','2023-05-16','Не покормлен'),(884,20,8,'Да',2,4.32,'Утреннее','2023-05-16','Не покормлен'),(885,20,8,'Да',2,4.32,'Вечернее','2023-05-16','Не покормлен'),(886,20,8,'Он',2,2.36,'Утреннее','2023-05-16','Не покормлен'),(887,20,8,'Он',2,2.36,'Вечернее','2023-05-16','Не покормлен'),(888,20,8,'Агык',2,1.23,'Утреннее','2023-05-16','Не покормлен'),(889,20,8,'Агык',2,1.23,'Вечернее','2023-05-16','Не покормлен'),(890,20,8,'Крутой',2,2.14,'Утреннее','2023-05-16','Не покормлен'),(891,20,8,'Крутой',2,2.14,'Вечернее','2023-05-16','Не покормлен'),(892,19,13,'Большой',2,543.67,'Утреннее','2023-05-16','Не покормлен'),(893,19,13,'Большой',2,543.67,'Вечернее','2023-05-16','Не покормлен'),(894,17,11,'Лииис',2,0.53,'Утреннее','2023-05-16','Не покормлен'),(895,17,11,'Лииис',2,0.53,'Вечернее','2023-05-16','Не покормлен'),(896,17,11,'Лиис',2,1,'Утреннее','2023-05-16','Не покормлен'),(897,17,11,'Лиис',2,1,'Вечернее','2023-05-16','Не покормлен'),(898,17,17,'Семён Николаевич',2,0.03,'Утреннее','2023-05-16','Не покормлен'),(899,17,17,'Семён Николаевич',2,0.03,'Вечернее','2023-05-16','Не покормлен'),(900,22,21,'Квак',3,0,'Утреннее','2023-05-16','Не покормлен'),(901,22,21,'Квак',3,0,'Вечернее','2023-05-16','Не покормлен'),(902,19,6,'Олег',2,3.24,'Утреннее','2023-05-17','Ожидается'),(903,19,6,'Олег',2,3.24,'Вечернее','2023-05-17','Ожидается'),(904,19,6,'Петр',2,9.89,'Утреннее','2023-05-17','Ожидается'),(905,19,6,'Петр',2,9.89,'Вечернее','2023-05-17','Ожидается'),(906,19,6,'Ысы',2,3.34,'Утреннее','2023-05-17','Ожидается'),(907,19,6,'Ысы',2,3.34,'Вечернее','2023-05-17','Ожидается'),(908,20,8,'Боб',2,0.11,'Утреннее','2023-05-17','Ожидается'),(909,20,8,'Боб',2,0.11,'Вечернее','2023-05-17','Ожидается'),(910,20,8,'Да',2,4.32,'Утреннее','2023-05-17','Ожидается'),(911,20,8,'Да',2,4.32,'Вечернее','2023-05-17','Ожидается'),(912,20,8,'Он',2,2.36,'Утреннее','2023-05-17','Ожидается'),(913,20,8,'Он',2,2.36,'Вечернее','2023-05-17','Ожидается'),(914,20,8,'Агык',2,1.23,'Утреннее','2023-05-17','Ожидается'),(915,20,8,'Агык',2,1.23,'Вечернее','2023-05-17','Ожидается'),(916,20,8,'Крутой',2,2.14,'Утреннее','2023-05-17','Ожидается'),(917,20,8,'Крутой',2,2.14,'Вечернее','2023-05-17','Ожидается'),(918,17,11,'Лииис',2,0.53,'Утреннее','2023-05-17','Ожидается'),(919,17,11,'Лииис',2,0.53,'Вечернее','2023-05-17','Ожидается'),(920,17,11,'Лиис',2,1,'Утреннее','2023-05-17','Ожидается'),(921,17,11,'Лиис',2,1,'Вечернее','2023-05-17','Ожидается'),(922,19,13,'Большой',3,543.67,'Утреннее','2023-05-17','Ожидается'),(923,19,13,'Большой',3,543.67,'Вечернее','2023-05-17','Ожидается'),(924,17,17,'Семён Николаевич',4,0.03,'Утреннее','2023-05-17','Ожидается'),(925,17,17,'Семён Николаевич',4,0.03,'Вечернее','2023-05-17','Ожидается'),(926,20,18,'Дефолтный',12,35,'Утреннее','2023-05-17','Ожидается'),(927,20,18,'Дефолтный',12,35,'Вечернее','2023-05-17','Ожидается'),(928,22,21,'Квак',13,0,'Утреннее','2023-05-17','Ожидается'),(929,22,21,'Квак',13,0,'Вечернее','2023-05-17','Ожидается'),(1228,19,6,'Олег',2,3.24,'Утреннее','2023-05-10','Не покормлен'),(1229,19,6,'Олег',2,3.24,'Утреннее','2023-05-10','Не покормлен'),(1230,19,6,'Петр',2,9.89,'Утреннее','2023-05-10','Не покормлен'),(1231,19,6,'Петр',2,9.89,'Утреннее','2023-05-10','Не покормлен'),(1232,19,6,'Ысы',2,3.34,'Утреннее','2023-05-10','Не покормлен'),(1233,19,6,'Ысы',2,3.34,'Утреннее','2023-05-10','Не покормлен'),(1234,20,8,'Боб',2,0.11,'Утреннее','2023-05-10','Не покормлен'),(1235,20,8,'Боб',2,0.11,'Утреннее','2023-05-10','Не покормлен'),(1236,20,8,'Да',2,4.32,'Утреннее','2023-05-10','Не покормлен'),(1237,20,8,'Да',2,4.32,'Утреннее','2023-05-10','Не покормлен'),(1238,20,8,'Он',2,2.36,'Утреннее','2023-05-10','Не покормлен'),(1239,20,8,'Он',2,2.36,'Утреннее','2023-05-10','Не покормлен'),(1240,20,8,'Агык',2,1.23,'Утреннее','2023-05-10','Не покормлен'),(1241,20,8,'Агык',2,1.23,'Утреннее','2023-05-10','Не покормлен'),(1242,20,8,'Крутой',2,2.14,'Утреннее','2023-05-10','Не покормлен'),(1243,20,8,'Крутой',2,2.14,'Утреннее','2023-05-10','Не покормлен'),(1244,17,11,'Лииис',2,0.53,'Утреннее','2023-05-10','Не покормлен'),(1245,17,11,'Лииис',2,0.53,'Утреннее','2023-05-10','Не покормлен'),(1246,17,11,'Лиис',2,1,'Утреннее','2023-05-10','Не покормлен'),(1247,17,11,'Лиис',2,1,'Утреннее','2023-05-10','Не покормлен'),(1248,19,13,'Большой',3,543.67,'Утреннее','2023-05-10','Не покормлен'),(1249,19,13,'Большой',3,543.67,'Утреннее','2023-05-10','Не покормлен'),(1250,17,17,'Семён Николаевич',4,0.03,'Утреннее','2023-05-10','Не покормлен'),(1251,17,17,'Семён Николаевич',4,0.03,'Утреннее','2023-05-10','Не покормлен'),(1252,20,18,'Дефолтный',12,35,'Утреннее','2023-05-10','Не покормлен'),(1253,20,18,'Дефолтный',12,35,'Утреннее','2023-05-10','Не покормлен'),(1254,19,6,'Олег',2,3.24,'Утреннее','2023-05-12','Не покормлен'),(1255,19,6,'Олег',2,3.24,'Утреннее','2023-05-12','Не покормлен'),(1256,19,6,'Петр',2,9.89,'Утреннее','2023-05-12','Не покормлен'),(1257,19,6,'Петр',2,9.89,'Утреннее','2023-05-12','Не покормлен'),(1258,19,6,'Ысы',2,3.34,'Утреннее','2023-05-12','Не покормлен'),(1259,19,6,'Ысы',2,3.34,'Утреннее','2023-05-12','Не покормлен'),(1260,20,8,'Боб',1,0.11,'Утреннее','2023-05-12','Не покормлен'),(1261,20,8,'Боб',1,0.11,'Утреннее','2023-05-12','Не покормлен'),(1262,20,8,'Да',1,4.32,'Утреннее','2023-05-12','Не покормлен'),(1263,20,8,'Да',1,4.32,'Утреннее','2023-05-12','Не покормлен'),(1264,20,8,'Он',1,2.36,'Утреннее','2023-05-12','Не покормлен'),(1265,20,8,'Он',1,2.36,'Утреннее','2023-05-12','Не покормлен'),(1266,20,8,'Агык',1,1.23,'Утреннее','2023-05-12','Не покормлен'),(1267,20,8,'Агык',1,1.23,'Утреннее','2023-05-12','Не покормлен'),(1268,20,8,'Крутой',1,2.14,'Утреннее','2023-05-12','Не покормлен'),(1269,20,8,'Крутой',1,2.14,'Утреннее','2023-05-12','Не покормлен'),(1270,17,11,'Лииис',3,0.53,'Утреннее','2023-05-12','Не покормлен'),(1271,17,11,'Лииис',3,0.53,'Утреннее','2023-05-12','Не покормлен'),(1272,17,11,'Лиис',3,1,'Утреннее','2023-05-12','Не покормлен'),(1273,17,11,'Лиис',3,1,'Утреннее','2023-05-12','Не покормлен'),(1274,19,13,'Большой',3,543.67,'Утреннее','2023-05-12','Не покормлен'),(1275,19,13,'Большой',3,543.67,'Утреннее','2023-05-12','Не покормлен'),(1276,17,17,'Семён Николаевич',2,0.03,'Утреннее','2023-05-12','Не покормлен'),(1277,17,17,'Семён Николаевич',2,0.03,'Утреннее','2023-05-12','Не покормлен'),(1278,19,6,'Олег',2,3.24,'Утреннее','2023-05-14','Не покормлен'),(1279,19,6,'Олег',2,3.24,'Вечернее','2023-05-14','Не покормлен'),(1280,19,6,'Петр',2,9.89,'Утреннее','2023-05-14','Не покормлен'),(1281,19,6,'Петр',2,9.89,'Вечернее','2023-05-14','Не покормлен'),(1282,19,6,'Ысы',2,3.34,'Утреннее','2023-05-14','Не покормлен'),(1283,19,6,'Ысы',2,3.34,'Вечернее','2023-05-14','Не покормлен'),(1284,20,8,'Боб',2,0.11,'Утреннее','2023-05-14','Не покормлен'),(1285,20,8,'Боб',2,0.11,'Вечернее','2023-05-14','Не покормлен'),(1286,20,8,'Да',2,4.32,'Утреннее','2023-05-14','Не покормлен'),(1287,20,8,'Да',2,4.32,'Вечернее','2023-05-14','Не покормлен'),(1288,20,8,'Он',2,2.36,'Утреннее','2023-05-14','Не покормлен'),(1289,20,8,'Он',2,2.36,'Вечернее','2023-05-14','Не покормлен'),(1290,20,8,'Агык',2,1.23,'Утреннее','2023-05-14','Не покормлен'),(1291,20,8,'Агык',2,1.23,'Вечернее','2023-05-14','Не покормлен'),(1292,20,8,'Крутой',2,2.14,'Утреннее','2023-05-14','Не покормлен'),(1293,20,8,'Крутой',2,2.14,'Вечернее','2023-05-14','Не покормлен'),(1294,17,11,'Лииис',3,0.53,'Утреннее','2023-05-14','Не покормлен'),(1295,17,11,'Лииис',3,0.53,'Вечернее','2023-05-14','Не покормлен'),(1296,17,11,'Лиис',3,1,'Утреннее','2023-05-14','Не покормлен'),(1297,17,11,'Лиис',3,1,'Вечернее','2023-05-14','Не покормлен'),(1298,19,13,'Большой',2,543.67,'Утреннее','2023-05-14','Не покормлен'),(1299,19,13,'Большой',2,543.67,'Вечернее','2023-05-14','Не покормлен'),(1300,16,12,'Леша',1,7.84,'Утреннее','2023-05-14','Покормлен'),(1301,16,12,'Леша',1,7.84,'Вечернее','2023-05-14','Не покормлен'),(1302,17,17,'Семён Николаевич',4,0.03,'Утреннее','2023-05-14','Не покормлен'),(1303,17,17,'Семён Николаевич',4,0.03,'Вечернее','2023-05-14','Не покормлен'),(1304,20,18,'Дефолтный',12,35,'Утреннее','2023-05-14','Не покормлен'),(1305,20,18,'Дефолтный',12,35,'Вечернее','2023-05-14','Не покормлен'),(1306,22,16,'Ыфв',4,2.33,'Утреннее','2023-05-14','Не покормлен'),(1307,22,16,'Ыфв',4,2.33,'Вечернее','2023-05-14','Не покормлен'),(1308,20,8,'Боб',2,0.11,'Утреннее','2023-05-16','Не покормлен'),(1309,20,8,'Боб',2,0.11,'Вечернее','2023-05-16','Не покормлен'),(1310,20,8,'Да',2,4.32,'Утреннее','2023-05-16','Не покормлен'),(1311,20,8,'Да',2,4.32,'Вечернее','2023-05-16','Не покормлен'),(1312,20,8,'Он',2,2.36,'Утреннее','2023-05-16','Не покормлен'),(1313,20,8,'Он',2,2.36,'Вечернее','2023-05-16','Не покормлен'),(1314,20,8,'Агык',2,1.23,'Утреннее','2023-05-16','Не покормлен'),(1315,20,8,'Агык',2,1.23,'Вечернее','2023-05-16','Не покормлен'),(1316,20,8,'Крутой',2,2.14,'Утреннее','2023-05-16','Не покормлен'),(1317,20,8,'Крутой',2,2.14,'Вечернее','2023-05-16','Не покормлен'),(1318,19,13,'Большой',2,543.67,'Утреннее','2023-05-16','Не покормлен'),(1319,19,13,'Большой',2,543.67,'Вечернее','2023-05-16','Не покормлен'),(1320,17,11,'Лииис',2,0.53,'Утреннее','2023-05-16','Не покормлен'),(1321,17,11,'Лииис',2,0.53,'Вечернее','2023-05-16','Не покормлен'),(1322,17,11,'Лиис',2,1,'Утреннее','2023-05-16','Не покормлен'),(1323,17,11,'Лиис',2,1,'Вечернее','2023-05-16','Не покормлен'),(1324,17,17,'Семён Николаевич',2,0.03,'Утреннее','2023-05-16','Не покормлен'),(1325,17,17,'Семён Николаевич',2,0.03,'Вечернее','2023-05-16','Не покормлен'),(1326,22,21,'Квак',3,0,'Утреннее','2023-05-16','Не покормлен'),(1327,22,21,'Квак',3,0,'Вечернее','2023-05-16','Не покормлен'),(1328,19,6,'Олег',2,3.24,'Утреннее','2023-05-17','Ожидается'),(1329,19,6,'Олег',2,3.24,'Вечернее','2023-05-17','Ожидается'),(1330,19,6,'Петр',2,9.89,'Утреннее','2023-05-17','Ожидается'),(1331,19,6,'Петр',2,9.89,'Вечернее','2023-05-17','Ожидается'),(1332,19,6,'Ысы',2,3.34,'Утреннее','2023-05-17','Ожидается'),(1333,19,6,'Ысы',2,3.34,'Вечернее','2023-05-17','Ожидается'),(1334,20,8,'Боб',2,0.11,'Утреннее','2023-05-17','Ожидается'),(1335,20,8,'Боб',2,0.11,'Вечернее','2023-05-17','Ожидается'),(1336,20,8,'Да',2,4.32,'Утреннее','2023-05-17','Ожидается'),(1337,20,8,'Да',2,4.32,'Вечернее','2023-05-17','Ожидается'),(1338,20,8,'Он',2,2.36,'Утреннее','2023-05-17','Ожидается'),(1339,20,8,'Он',2,2.36,'Вечернее','2023-05-17','Ожидается'),(1340,20,8,'Агык',2,1.23,'Утреннее','2023-05-17','Ожидается'),(1341,20,8,'Агык',2,1.23,'Вечернее','2023-05-17','Ожидается'),(1342,20,8,'Крутой',2,2.14,'Утреннее','2023-05-17','Ожидается'),(1343,20,8,'Крутой',2,2.14,'Вечернее','2023-05-17','Ожидается'),(1344,17,11,'Лииис',2,0.53,'Утреннее','2023-05-17','Ожидается'),(1345,17,11,'Лииис',2,0.53,'Вечернее','2023-05-17','Ожидается'),(1346,17,11,'Лиис',2,1,'Утреннее','2023-05-17','Ожидается'),(1347,17,11,'Лиис',2,1,'Вечернее','2023-05-17','Ожидается'),(1348,19,13,'Большой',3,543.67,'Утреннее','2023-05-17','Ожидается'),(1349,19,13,'Большой',3,543.67,'Вечернее','2023-05-17','Ожидается'),(1350,17,17,'Семён Николаевич',4,0.03,'Утреннее','2023-05-17','Ожидается'),(1351,17,17,'Семён Николаевич',4,0.03,'Вечернее','2023-05-17','Ожидается'),(1352,20,18,'Дефолтный',12,35,'Утреннее','2023-05-17','Ожидается'),(1353,20,18,'Дефолтный',12,35,'Вечернее','2023-05-17','Ожидается'),(1354,22,21,'Квак',13,0,'Утреннее','2023-05-17','Ожидается'),(1355,22,21,'Квак',13,0,'Вечернее','2023-05-17','Ожидается'),(1654,19,6,'Олег',2,3.24,'Утреннее','2023-05-10','Не покормлен'),(1655,19,6,'Олег',2,3.24,'Утреннее','2023-05-10','Не покормлен'),(1656,19,6,'Петр',2,9.89,'Утреннее','2023-05-10','Не покормлен'),(1657,19,6,'Петр',2,9.89,'Утреннее','2023-05-10','Не покормлен'),(1658,19,6,'Ысы',2,3.34,'Утреннее','2023-05-10','Не покормлен'),(1659,19,6,'Ысы',2,3.34,'Утреннее','2023-05-10','Не покормлен'),(1660,20,8,'Боб',2,0.11,'Утреннее','2023-05-10','Не покормлен'),(1661,20,8,'Боб',2,0.11,'Утреннее','2023-05-10','Не покормлен'),(1662,20,8,'Да',2,4.32,'Утреннее','2023-05-10','Не покормлен'),(1663,20,8,'Да',2,4.32,'Утреннее','2023-05-10','Не покормлен'),(1664,20,8,'Он',2,2.36,'Утреннее','2023-05-10','Не покормлен'),(1665,20,8,'Он',2,2.36,'Утреннее','2023-05-10','Не покормлен'),(1666,20,8,'Агык',2,1.23,'Утреннее','2023-05-10','Не покормлен'),(1667,20,8,'Агык',2,1.23,'Утреннее','2023-05-10','Не покормлен'),(1668,20,8,'Крутой',2,2.14,'Утреннее','2023-05-10','Не покормлен'),(1669,20,8,'Крутой',2,2.14,'Утреннее','2023-05-10','Не покормлен'),(1670,17,11,'Лииис',2,0.53,'Утреннее','2023-05-10','Не покормлен'),(1671,17,11,'Лииис',2,0.53,'Утреннее','2023-05-10','Не покормлен'),(1672,17,11,'Лиис',2,1,'Утреннее','2023-05-10','Не покормлен'),(1673,17,11,'Лиис',2,1,'Утреннее','2023-05-10','Не покормлен'),(1674,19,13,'Большой',3,543.67,'Утреннее','2023-05-10','Не покормлен'),(1675,19,13,'Большой',3,543.67,'Утреннее','2023-05-10','Не покормлен'),(1676,17,17,'Семён Николаевич',4,0.03,'Утреннее','2023-05-10','Не покормлен'),(1677,17,17,'Семён Николаевич',4,0.03,'Утреннее','2023-05-10','Не покормлен'),(1678,20,18,'Дефолтный',12,35,'Утреннее','2023-05-10','Не покормлен'),(1679,20,18,'Дефолтный',12,35,'Утреннее','2023-05-10','Не покормлен'),(1680,19,6,'Олег',2,3.24,'Утреннее','2023-05-12','Не покормлен'),(1681,19,6,'Олег',2,3.24,'Утреннее','2023-05-12','Не покормлен'),(1682,19,6,'Петр',2,9.89,'Утреннее','2023-05-12','Не покормлен'),(1683,19,6,'Петр',2,9.89,'Утреннее','2023-05-12','Не покормлен'),(1684,19,6,'Ысы',2,3.34,'Утреннее','2023-05-12','Не покормлен'),(1685,19,6,'Ысы',2,3.34,'Утреннее','2023-05-12','Не покормлен'),(1686,20,8,'Боб',1,0.11,'Утреннее','2023-05-12','Не покормлен'),(1687,20,8,'Боб',1,0.11,'Утреннее','2023-05-12','Не покормлен'),(1688,20,8,'Да',1,4.32,'Утреннее','2023-05-12','Не покормлен'),(1689,20,8,'Да',1,4.32,'Утреннее','2023-05-12','Не покормлен'),(1690,20,8,'Он',1,2.36,'Утреннее','2023-05-12','Не покормлен'),(1691,20,8,'Он',1,2.36,'Утреннее','2023-05-12','Не покормлен'),(1692,20,8,'Агык',1,1.23,'Утреннее','2023-05-12','Не покормлен'),(1693,20,8,'Агык',1,1.23,'Утреннее','2023-05-12','Не покормлен'),(1694,20,8,'Крутой',1,2.14,'Утреннее','2023-05-12','Не покормлен'),(1695,20,8,'Крутой',1,2.14,'Утреннее','2023-05-12','Не покормлен'),(1696,17,11,'Лииис',3,0.53,'Утреннее','2023-05-12','Не покормлен'),(1697,17,11,'Лииис',3,0.53,'Утреннее','2023-05-12','Не покормлен'),(1698,17,11,'Лиис',3,1,'Утреннее','2023-05-12','Не покормлен'),(1699,17,11,'Лиис',3,1,'Утреннее','2023-05-12','Не покормлен'),(1700,19,13,'Большой',3,543.67,'Утреннее','2023-05-12','Не покормлен'),(1701,19,13,'Большой',3,543.67,'Утреннее','2023-05-12','Не покормлен'),(1702,17,17,'Семён Николаевич',2,0.03,'Утреннее','2023-05-12','Не покормлен'),(1703,17,17,'Семён Николаевич',2,0.03,'Утреннее','2023-05-12','Не покормлен'),(1704,19,6,'Олег',2,3.24,'Утреннее','2023-05-14','Не покормлен'),(1705,19,6,'Олег',2,3.24,'Вечернее','2023-05-14','Не покормлен'),(1706,19,6,'Петр',2,9.89,'Утреннее','2023-05-14','Не покормлен'),(1707,19,6,'Петр',2,9.89,'Вечернее','2023-05-14','Не покормлен'),(1708,19,6,'Ысы',2,3.34,'Утреннее','2023-05-14','Не покормлен'),(1709,19,6,'Ысы',2,3.34,'Вечернее','2023-05-14','Не покормлен'),(1710,20,8,'Боб',2,0.11,'Утреннее','2023-05-14','Не покормлен'),(1711,20,8,'Боб',2,0.11,'Вечернее','2023-05-14','Не покормлен'),(1712,20,8,'Да',2,4.32,'Утреннее','2023-05-14','Не покормлен'),(1713,20,8,'Да',2,4.32,'Вечернее','2023-05-14','Не покормлен'),(1714,20,8,'Он',2,2.36,'Утреннее','2023-05-14','Не покормлен'),(1715,20,8,'Он',2,2.36,'Вечернее','2023-05-14','Не покормлен'),(1716,20,8,'Агык',2,1.23,'Утреннее','2023-05-14','Не покормлен'),(1717,20,8,'Агык',2,1.23,'Вечернее','2023-05-14','Не покормлен'),(1718,20,8,'Крутой',2,2.14,'Утреннее','2023-05-14','Не покормлен'),(1719,20,8,'Крутой',2,2.14,'Вечернее','2023-05-14','Не покормлен'),(1720,17,11,'Лииис',3,0.53,'Утреннее','2023-05-14','Не покормлен'),(1721,17,11,'Лииис',3,0.53,'Вечернее','2023-05-14','Не покормлен'),(1722,17,11,'Лиис',3,1,'Утреннее','2023-05-14','Не покормлен'),(1723,17,11,'Лиис',3,1,'Вечернее','2023-05-14','Не покормлен'),(1724,19,13,'Большой',2,543.67,'Утреннее','2023-05-14','Не покормлен'),(1725,19,13,'Большой',2,543.67,'Вечернее','2023-05-14','Не покормлен'),(1726,16,12,'Леша',1,7.84,'Утреннее','2023-05-14','Покормлен'),(1727,16,12,'Леша',1,7.84,'Вечернее','2023-05-14','Не покормлен'),(1728,17,17,'Семён Николаевич',4,0.03,'Утреннее','2023-05-14','Не покормлен'),(1729,17,17,'Семён Николаевич',4,0.03,'Вечернее','2023-05-14','Не покормлен'),(1730,20,18,'Дефолтный',12,35,'Утреннее','2023-05-14','Не покормлен'),(1731,20,18,'Дефолтный',12,35,'Вечернее','2023-05-14','Не покормлен'),(1732,22,16,'Ыфв',4,2.33,'Утреннее','2023-05-14','Не покормлен'),(1733,22,16,'Ыфв',4,2.33,'Вечернее','2023-05-14','Не покормлен'),(1734,20,8,'Боб',2,0.11,'Утреннее','2023-05-16','Не покормлен'),(1735,20,8,'Боб',2,0.11,'Вечернее','2023-05-16','Не покормлен'),(1736,20,8,'Да',2,4.32,'Утреннее','2023-05-16','Не покормлен'),(1737,20,8,'Да',2,4.32,'Вечернее','2023-05-16','Не покормлен'),(1738,20,8,'Он',2,2.36,'Утреннее','2023-05-16','Не покормлен'),(1739,20,8,'Он',2,2.36,'Вечернее','2023-05-16','Не покормлен'),(1740,20,8,'Агык',2,1.23,'Утреннее','2023-05-16','Не покормлен'),(1741,20,8,'Агык',2,1.23,'Вечернее','2023-05-16','Не покормлен'),(1742,20,8,'Крутой',2,2.14,'Утреннее','2023-05-16','Не покормлен'),(1743,20,8,'Крутой',2,2.14,'Вечернее','2023-05-16','Не покормлен'),(1744,19,13,'Большой',2,543.67,'Утреннее','2023-05-16','Не покормлен'),(1745,19,13,'Большой',2,543.67,'Вечернее','2023-05-16','Не покормлен'),(1746,17,11,'Лииис',2,0.53,'Утреннее','2023-05-16','Не покормлен'),(1747,17,11,'Лииис',2,0.53,'Вечернее','2023-05-16','Не покормлен'),(1748,17,11,'Лиис',2,1,'Утреннее','2023-05-16','Не покормлен'),(1749,17,11,'Лиис',2,1,'Вечернее','2023-05-16','Не покормлен'),(1750,17,17,'Семён Николаевич',2,0.03,'Утреннее','2023-05-16','Не покормлен'),(1751,17,17,'Семён Николаевич',2,0.03,'Вечернее','2023-05-16','Не покормлен'),(1752,22,21,'Квак',3,0,'Утреннее','2023-05-16','Не покормлен'),(1753,22,21,'Квак',3,0,'Вечернее','2023-05-16','Не покормлен'),(1754,19,6,'Олег',2,3.24,'Утреннее','2023-05-17','Ожидается'),(1755,19,6,'Олег',2,3.24,'Вечернее','2023-05-17','Ожидается'),(1756,19,6,'Петр',2,9.89,'Утреннее','2023-05-17','Ожидается'),(1757,19,6,'Петр',2,9.89,'Вечернее','2023-05-17','Ожидается'),(1758,19,6,'Ысы',2,3.34,'Утреннее','2023-05-17','Ожидается'),(1759,19,6,'Ысы',2,3.34,'Вечернее','2023-05-17','Ожидается'),(1760,20,8,'Боб',2,0.11,'Утреннее','2023-05-17','Ожидается'),(1761,20,8,'Боб',2,0.11,'Вечернее','2023-05-17','Ожидается'),(1762,20,8,'Да',2,4.32,'Утреннее','2023-05-17','Ожидается'),(1763,20,8,'Да',2,4.32,'Вечернее','2023-05-17','Ожидается'),(1764,20,8,'Он',2,2.36,'Утреннее','2023-05-17','Ожидается'),(1765,20,8,'Он',2,2.36,'Вечернее','2023-05-17','Ожидается'),(1766,20,8,'Агык',2,1.23,'Утреннее','2023-05-17','Ожидается'),(1767,20,8,'Агык',2,1.23,'Вечернее','2023-05-17','Ожидается'),(1768,20,8,'Крутой',2,2.14,'Утреннее','2023-05-17','Ожидается'),(1769,20,8,'Крутой',2,2.14,'Вечернее','2023-05-17','Ожидается'),(1770,17,11,'Лииис',2,0.53,'Утреннее','2023-05-17','Ожидается'),(1771,17,11,'Лииис',2,0.53,'Вечернее','2023-05-17','Ожидается'),(1772,17,11,'Лиис',2,1,'Утреннее','2023-05-17','Ожидается'),(1773,17,11,'Лиис',2,1,'Вечернее','2023-05-17','Ожидается'),(1774,19,13,'Большой',3,543.67,'Утреннее','2023-05-17','Ожидается'),(1775,19,13,'Большой',3,543.67,'Вечернее','2023-05-17','Ожидается'),(1776,17,17,'Семён Николаевич',4,0.03,'Утреннее','2023-05-17','Ожидается'),(1777,17,17,'Семён Николаевич',4,0.03,'Вечернее','2023-05-17','Ожидается'),(1778,20,18,'Дефолтный',12,35,'Утреннее','2023-05-17','Ожидается'),(1779,20,18,'Дефолтный',12,35,'Вечернее','2023-05-17','Ожидается'),(1780,22,21,'Квак',13,0,'Утреннее','2023-05-17','Ожидается'),(1781,22,21,'Квак',13,0,'Вечернее','2023-05-17','Ожидается'),(2080,19,6,'Олег',2,3.24,'Утреннее','2023-05-10','Не покормлен'),(2081,19,6,'Олег',2,3.24,'Утреннее','2023-05-10','Не покормлен'),(2082,19,6,'Петр',2,9.89,'Утреннее','2023-05-10','Не покормлен'),(2083,19,6,'Петр',2,9.89,'Утреннее','2023-05-10','Не покормлен'),(2084,19,6,'Ысы',2,3.34,'Утреннее','2023-05-10','Не покормлен'),(2085,19,6,'Ысы',2,3.34,'Утреннее','2023-05-10','Не покормлен'),(2086,20,8,'Боб',2,0.11,'Утреннее','2023-05-10','Не покормлен'),(2087,20,8,'Боб',2,0.11,'Утреннее','2023-05-10','Не покормлен'),(2088,20,8,'Да',2,4.32,'Утреннее','2023-05-10','Не покормлен'),(2089,20,8,'Да',2,4.32,'Утреннее','2023-05-10','Не покормлен'),(2090,20,8,'Он',2,2.36,'Утреннее','2023-05-10','Не покормлен'),(2091,20,8,'Он',2,2.36,'Утреннее','2023-05-10','Не покормлен'),(2092,20,8,'Агык',2,1.23,'Утреннее','2023-05-10','Не покормлен'),(2093,20,8,'Агык',2,1.23,'Утреннее','2023-05-10','Не покормлен'),(2094,20,8,'Крутой',2,2.14,'Утреннее','2023-05-10','Не покормлен'),(2095,20,8,'Крутой',2,2.14,'Утреннее','2023-05-10','Не покормлен'),(2096,17,11,'Лииис',2,0.53,'Утреннее','2023-05-10','Не покормлен'),(2097,17,11,'Лииис',2,0.53,'Утреннее','2023-05-10','Не покормлен'),(2098,17,11,'Лиис',2,1,'Утреннее','2023-05-10','Не покормлен'),(2099,17,11,'Лиис',2,1,'Утреннее','2023-05-10','Не покормлен'),(2100,19,13,'Большой',3,543.67,'Утреннее','2023-05-10','Не покормлен'),(2101,19,13,'Большой',3,543.67,'Утреннее','2023-05-10','Не покормлен'),(2102,17,17,'Семён Николаевич',4,0.03,'Утреннее','2023-05-10','Не покормлен'),(2103,17,17,'Семён Николаевич',4,0.03,'Утреннее','2023-05-10','Не покормлен'),(2104,20,18,'Дефолтный',12,35,'Утреннее','2023-05-10','Не покормлен'),(2105,20,18,'Дефолтный',12,35,'Утреннее','2023-05-10','Не покормлен'),(2106,19,6,'Олег',2,3.24,'Утреннее','2023-05-12','Не покормлен'),(2107,19,6,'Олег',2,3.24,'Утреннее','2023-05-12','Не покормлен'),(2108,19,6,'Петр',2,9.89,'Утреннее','2023-05-12','Не покормлен'),(2109,19,6,'Петр',2,9.89,'Утреннее','2023-05-12','Не покормлен'),(2110,19,6,'Ысы',2,3.34,'Утреннее','2023-05-12','Не покормлен'),(2111,19,6,'Ысы',2,3.34,'Утреннее','2023-05-12','Не покормлен'),(2112,20,8,'Боб',1,0.11,'Утреннее','2023-05-12','Не покормлен'),(2113,20,8,'Боб',1,0.11,'Утреннее','2023-05-12','Не покормлен'),(2114,20,8,'Да',1,4.32,'Утреннее','2023-05-12','Не покормлен'),(2115,20,8,'Да',1,4.32,'Утреннее','2023-05-12','Не покормлен'),(2116,20,8,'Он',1,2.36,'Утреннее','2023-05-12','Не покормлен'),(2117,20,8,'Он',1,2.36,'Утреннее','2023-05-12','Не покормлен'),(2118,20,8,'Агык',1,1.23,'Утреннее','2023-05-12','Не покормлен'),(2119,20,8,'Агык',1,1.23,'Утреннее','2023-05-12','Не покормлен'),(2120,20,8,'Крутой',1,2.14,'Утреннее','2023-05-12','Не покормлен'),(2121,20,8,'Крутой',1,2.14,'Утреннее','2023-05-12','Не покормлен'),(2122,17,11,'Лииис',3,0.53,'Утреннее','2023-05-12','Не покормлен'),(2123,17,11,'Лииис',3,0.53,'Утреннее','2023-05-12','Не покормлен'),(2124,17,11,'Лиис',3,1,'Утреннее','2023-05-12','Не покормлен'),(2125,17,11,'Лиис',3,1,'Утреннее','2023-05-12','Не покормлен'),(2126,19,13,'Большой',3,543.67,'Утреннее','2023-05-12','Не покормлен'),(2127,19,13,'Большой',3,543.67,'Утреннее','2023-05-12','Не покормлен'),(2128,17,17,'Семён Николаевич',2,0.03,'Утреннее','2023-05-12','Не покормлен'),(2129,17,17,'Семён Николаевич',2,0.03,'Утреннее','2023-05-12','Не покормлен'),(2130,19,6,'Олег',2,3.24,'Утреннее','2023-05-14','Не покормлен'),(2131,19,6,'Олег',2,3.24,'Вечернее','2023-05-14','Не покормлен'),(2132,19,6,'Петр',2,9.89,'Утреннее','2023-05-14','Не покормлен'),(2133,19,6,'Петр',2,9.89,'Вечернее','2023-05-14','Не покормлен'),(2134,19,6,'Ысы',2,3.34,'Утреннее','2023-05-14','Не покормлен'),(2135,19,6,'Ысы',2,3.34,'Вечернее','2023-05-14','Не покормлен'),(2136,20,8,'Боб',2,0.11,'Утреннее','2023-05-14','Не покормлен'),(2137,20,8,'Боб',2,0.11,'Вечернее','2023-05-14','Не покормлен'),(2138,20,8,'Да',2,4.32,'Утреннее','2023-05-14','Не покормлен'),(2139,20,8,'Да',2,4.32,'Вечернее','2023-05-14','Не покормлен'),(2140,20,8,'Он',2,2.36,'Утреннее','2023-05-14','Не покормлен'),(2141,20,8,'Он',2,2.36,'Вечернее','2023-05-14','Не покормлен'),(2142,20,8,'Агык',2,1.23,'Утреннее','2023-05-14','Не покормлен'),(2143,20,8,'Агык',2,1.23,'Вечернее','2023-05-14','Не покормлен'),(2144,20,8,'Крутой',2,2.14,'Утреннее','2023-05-14','Не покормлен'),(2145,20,8,'Крутой',2,2.14,'Вечернее','2023-05-14','Не покормлен'),(2146,17,11,'Лииис',3,0.53,'Утреннее','2023-05-14','Не покормлен'),(2147,17,11,'Лииис',3,0.53,'Вечернее','2023-05-14','Не покормлен'),(2148,17,11,'Лиис',3,1,'Утреннее','2023-05-14','Не покормлен'),(2149,17,11,'Лиис',3,1,'Вечернее','2023-05-14','Не покормлен'),(2150,19,13,'Большой',2,543.67,'Утреннее','2023-05-14','Не покормлен'),(2151,19,13,'Большой',2,543.67,'Вечернее','2023-05-14','Не покормлен'),(2152,16,12,'Леша',1,7.84,'Утреннее','2023-05-14','Покормлен'),(2153,16,12,'Леша',1,7.84,'Вечернее','2023-05-14','Не покормлен'),(2154,17,17,'Семён Николаевич',4,0.03,'Утреннее','2023-05-14','Не покормлен'),(2155,17,17,'Семён Николаевич',4,0.03,'Вечернее','2023-05-14','Не покормлен'),(2156,20,18,'Дефолтный',12,35,'Утреннее','2023-05-14','Не покормлен'),(2157,20,18,'Дефолтный',12,35,'Вечернее','2023-05-14','Не покормлен'),(2158,22,16,'Ыфв',4,2.33,'Утреннее','2023-05-14','Не покормлен'),(2159,22,16,'Ыфв',4,2.33,'Вечернее','2023-05-14','Не покормлен'),(2160,20,8,'Боб',2,0.11,'Утреннее','2023-05-16','Не покормлен'),(2161,20,8,'Боб',2,0.11,'Вечернее','2023-05-16','Не покормлен'),(2162,20,8,'Да',2,4.32,'Утреннее','2023-05-16','Не покормлен'),(2163,20,8,'Да',2,4.32,'Вечернее','2023-05-16','Не покормлен'),(2164,20,8,'Он',2,2.36,'Утреннее','2023-05-16','Не покормлен'),(2165,20,8,'Он',2,2.36,'Вечернее','2023-05-16','Не покормлен'),(2166,20,8,'Агык',2,1.23,'Утреннее','2023-05-16','Не покормлен'),(2167,20,8,'Агык',2,1.23,'Вечернее','2023-05-16','Не покормлен'),(2168,20,8,'Крутой',2,2.14,'Утреннее','2023-05-16','Не покормлен'),(2169,20,8,'Крутой',2,2.14,'Вечернее','2023-05-16','Не покормлен'),(2170,19,13,'Большой',2,543.67,'Утреннее','2023-05-16','Не покормлен'),(2171,19,13,'Большой',2,543.67,'Вечернее','2023-05-16','Не покормлен'),(2172,17,11,'Лииис',2,0.53,'Утреннее','2023-05-16','Не покормлен'),(2173,17,11,'Лииис',2,0.53,'Вечернее','2023-05-16','Не покормлен'),(2174,17,11,'Лиис',2,1,'Утреннее','2023-05-16','Не покормлен'),(2175,17,11,'Лиис',2,1,'Вечернее','2023-05-16','Не покормлен'),(2176,17,17,'Семён Николаевич',2,0.03,'Утреннее','2023-05-16','Не покормлен'),(2177,17,17,'Семён Николаевич',2,0.03,'Вечернее','2023-05-16','Не покормлен'),(2178,22,21,'Квак',3,0,'Утреннее','2023-05-16','Не покормлен'),(2179,22,21,'Квак',3,0,'Вечернее','2023-05-16','Не покормлен'),(2180,19,6,'Олег',2,3.24,'Утреннее','2023-05-17','Ожидается'),(2181,19,6,'Олег',2,3.24,'Вечернее','2023-05-17','Ожидается'),(2182,19,6,'Петр',2,9.89,'Утреннее','2023-05-17','Ожидается'),(2183,19,6,'Петр',2,9.89,'Вечернее','2023-05-17','Ожидается'),(2184,19,6,'Ысы',2,3.34,'Утреннее','2023-05-17','Ожидается'),(2185,19,6,'Ысы',2,3.34,'Вечернее','2023-05-17','Ожидается'),(2186,20,8,'Боб',2,0.11,'Утреннее','2023-05-17','Ожидается'),(2187,20,8,'Боб',2,0.11,'Вечернее','2023-05-17','Ожидается'),(2188,20,8,'Да',2,4.32,'Утреннее','2023-05-17','Ожидается'),(2189,20,8,'Да',2,4.32,'Вечернее','2023-05-17','Ожидается'),(2190,20,8,'Он',2,2.36,'Утреннее','2023-05-17','Ожидается'),(2191,20,8,'Он',2,2.36,'Вечернее','2023-05-17','Ожидается'),(2192,20,8,'Агык',2,1.23,'Утреннее','2023-05-17','Ожидается'),(2193,20,8,'Агык',2,1.23,'Вечернее','2023-05-17','Ожидается'),(2194,20,8,'Крутой',2,2.14,'Утреннее','2023-05-17','Ожидается'),(2195,20,8,'Крутой',2,2.14,'Вечернее','2023-05-17','Ожидается'),(2196,17,11,'Лииис',2,0.53,'Утреннее','2023-05-17','Ожидается'),(2197,17,11,'Лииис',2,0.53,'Вечернее','2023-05-17','Ожидается'),(2198,17,11,'Лиис',2,1,'Утреннее','2023-05-17','Ожидается'),(2199,17,11,'Лиис',2,1,'Вечернее','2023-05-17','Ожидается'),(2200,19,13,'Большой',3,543.67,'Утреннее','2023-05-17','Ожидается'),(2201,19,13,'Большой',3,543.67,'Вечернее','2023-05-17','Ожидается'),(2202,17,17,'Семён Николаевич',4,0.03,'Утреннее','2023-05-17','Ожидается'),(2203,17,17,'Семён Николаевич',4,0.03,'Вечернее','2023-05-17','Ожидается'),(2204,20,18,'Дефолтный',12,35,'Утреннее','2023-05-17','Ожидается'),(2205,20,18,'Дефолтный',12,35,'Вечернее','2023-05-17','Ожидается'),(2206,22,21,'Квак',13,0,'Утреннее','2023-05-17','Ожидается'),(2207,22,21,'Квак',13,0,'Вечернее','2023-05-17','Ожидается'),(2506,19,6,'Олег',2,3.24,'Утреннее','2023-05-10','Не покормлен'),(2507,19,6,'Олег',2,3.24,'Утреннее','2023-05-10','Не покормлен'),(2508,19,6,'Петр',2,9.89,'Утреннее','2023-05-10','Не покормлен'),(2509,19,6,'Петр',2,9.89,'Утреннее','2023-05-10','Не покормлен'),(2510,19,6,'Ысы',2,3.34,'Утреннее','2023-05-10','Не покормлен'),(2511,19,6,'Ысы',2,3.34,'Утреннее','2023-05-10','Не покормлен'),(2512,20,8,'Боб',2,0.11,'Утреннее','2023-05-10','Не покормлен'),(2513,20,8,'Боб',2,0.11,'Утреннее','2023-05-10','Не покормлен'),(2514,20,8,'Да',2,4.32,'Утреннее','2023-05-10','Не покормлен'),(2515,20,8,'Да',2,4.32,'Утреннее','2023-05-10','Не покормлен'),(2516,20,8,'Он',2,2.36,'Утреннее','2023-05-10','Не покормлен'),(2517,20,8,'Он',2,2.36,'Утреннее','2023-05-10','Не покормлен'),(2518,20,8,'Агык',2,1.23,'Утреннее','2023-05-10','Не покормлен'),(2519,20,8,'Агык',2,1.23,'Утреннее','2023-05-10','Не покормлен'),(2520,20,8,'Крутой',2,2.14,'Утреннее','2023-05-10','Не покормлен'),(2521,20,8,'Крутой',2,2.14,'Утреннее','2023-05-10','Не покормлен'),(2522,17,11,'Лииис',2,0.53,'Утреннее','2023-05-10','Не покормлен'),(2523,17,11,'Лииис',2,0.53,'Утреннее','2023-05-10','Не покормлен'),(2524,17,11,'Лиис',2,1,'Утреннее','2023-05-10','Не покормлен'),(2525,17,11,'Лиис',2,1,'Утреннее','2023-05-10','Не покормлен'),(2526,19,13,'Большой',3,543.67,'Утреннее','2023-05-10','Не покормлен'),(2527,19,13,'Большой',3,543.67,'Утреннее','2023-05-10','Не покормлен'),(2528,17,17,'Семён Николаевич',4,0.03,'Утреннее','2023-05-10','Не покормлен'),(2529,17,17,'Семён Николаевич',4,0.03,'Утреннее','2023-05-10','Не покормлен'),(2530,20,18,'Дефолтный',12,35,'Утреннее','2023-05-10','Не покормлен'),(2531,20,18,'Дефолтный',12,35,'Утреннее','2023-05-10','Не покормлен'),(2532,19,6,'Олег',2,3.24,'Утреннее','2023-05-12','Не покормлен'),(2533,19,6,'Олег',2,3.24,'Утреннее','2023-05-12','Не покормлен'),(2534,19,6,'Петр',2,9.89,'Утреннее','2023-05-12','Не покормлен'),(2535,19,6,'Петр',2,9.89,'Утреннее','2023-05-12','Не покормлен'),(2536,19,6,'Ысы',2,3.34,'Утреннее','2023-05-12','Не покормлен'),(2537,19,6,'Ысы',2,3.34,'Утреннее','2023-05-12','Не покормлен'),(2538,20,8,'Боб',1,0.11,'Утреннее','2023-05-12','Не покормлен'),(2539,20,8,'Боб',1,0.11,'Утреннее','2023-05-12','Не покормлен'),(2540,20,8,'Да',1,4.32,'Утреннее','2023-05-12','Не покормлен'),(2541,20,8,'Да',1,4.32,'Утреннее','2023-05-12','Не покормлен'),(2542,20,8,'Он',1,2.36,'Утреннее','2023-05-12','Не покормлен'),(2543,20,8,'Он',1,2.36,'Утреннее','2023-05-12','Не покормлен'),(2544,20,8,'Агык',1,1.23,'Утреннее','2023-05-12','Не покормлен'),(2545,20,8,'Агык',1,1.23,'Утреннее','2023-05-12','Не покормлен'),(2546,20,8,'Крутой',1,2.14,'Утреннее','2023-05-12','Не покормлен'),(2547,20,8,'Крутой',1,2.14,'Утреннее','2023-05-12','Не покормлен'),(2548,17,11,'Лииис',3,0.53,'Утреннее','2023-05-12','Не покормлен'),(2549,17,11,'Лииис',3,0.53,'Утреннее','2023-05-12','Не покормлен'),(2550,17,11,'Лиис',3,1,'Утреннее','2023-05-12','Не покормлен'),(2551,17,11,'Лиис',3,1,'Утреннее','2023-05-12','Не покормлен'),(2552,19,13,'Большой',3,543.67,'Утреннее','2023-05-12','Не покормлен'),(2553,19,13,'Большой',3,543.67,'Утреннее','2023-05-12','Не покормлен'),(2554,17,17,'Семён Николаевич',2,0.03,'Утреннее','2023-05-12','Не покормлен'),(2555,17,17,'Семён Николаевич',2,0.03,'Утреннее','2023-05-12','Не покормлен'),(2556,19,6,'Олег',2,3.24,'Утреннее','2023-05-14','Не покормлен'),(2557,19,6,'Олег',2,3.24,'Вечернее','2023-05-14','Не покормлен'),(2558,19,6,'Петр',2,9.89,'Утреннее','2023-05-14','Не покормлен'),(2559,19,6,'Петр',2,9.89,'Вечернее','2023-05-14','Не покормлен'),(2560,19,6,'Ысы',2,3.34,'Утреннее','2023-05-14','Не покормлен'),(2561,19,6,'Ысы',2,3.34,'Вечернее','2023-05-14','Не покормлен'),(2562,20,8,'Боб',2,0.11,'Утреннее','2023-05-14','Не покормлен'),(2563,20,8,'Боб',2,0.11,'Вечернее','2023-05-14','Не покормлен'),(2564,20,8,'Да',2,4.32,'Утреннее','2023-05-14','Не покормлен'),(2565,20,8,'Да',2,4.32,'Вечернее','2023-05-14','Не покормлен'),(2566,20,8,'Он',2,2.36,'Утреннее','2023-05-14','Не покормлен'),(2567,20,8,'Он',2,2.36,'Вечернее','2023-05-14','Не покормлен'),(2568,20,8,'Агык',2,1.23,'Утреннее','2023-05-14','Не покормлен'),(2569,20,8,'Агык',2,1.23,'Вечернее','2023-05-14','Не покормлен'),(2570,20,8,'Крутой',2,2.14,'Утреннее','2023-05-14','Не покормлен'),(2571,20,8,'Крутой',2,2.14,'Вечернее','2023-05-14','Не покормлен'),(2572,17,11,'Лииис',3,0.53,'Утреннее','2023-05-14','Не покормлен'),(2573,17,11,'Лииис',3,0.53,'Вечернее','2023-05-14','Не покормлен'),(2574,17,11,'Лиис',3,1,'Утреннее','2023-05-14','Не покормлен'),(2575,17,11,'Лиис',3,1,'Вечернее','2023-05-14','Не покормлен'),(2576,19,13,'Большой',2,543.67,'Утреннее','2023-05-14','Не покормлен'),(2577,19,13,'Большой',2,543.67,'Вечернее','2023-05-14','Не покормлен'),(2578,16,12,'Леша',1,7.84,'Утреннее','2023-05-14','Покормлен'),(2579,16,12,'Леша',1,7.84,'Вечернее','2023-05-14','Не покормлен'),(2580,17,17,'Семён Николаевич',4,0.03,'Утреннее','2023-05-14','Не покормлен'),(2581,17,17,'Семён Николаевич',4,0.03,'Вечернее','2023-05-14','Не покормлен'),(2582,20,18,'Дефолтный',12,35,'Утреннее','2023-05-14','Не покормлен'),(2583,20,18,'Дефолтный',12,35,'Вечернее','2023-05-14','Не покормлен'),(2584,22,16,'Ыфв',4,2.33,'Утреннее','2023-05-14','Не покормлен'),(2585,22,16,'Ыфв',4,2.33,'Вечернее','2023-05-14','Не покормлен'),(2586,20,8,'Боб',2,0.11,'Утреннее','2023-05-16','Не покормлен'),(2587,20,8,'Боб',2,0.11,'Вечернее','2023-05-16','Не покормлен'),(2588,20,8,'Да',2,4.32,'Утреннее','2023-05-16','Не покормлен'),(2589,20,8,'Да',2,4.32,'Вечернее','2023-05-16','Не покормлен'),(2590,20,8,'Он',2,2.36,'Утреннее','2023-05-16','Не покормлен'),(2591,20,8,'Он',2,2.36,'Вечернее','2023-05-16','Не покормлен'),(2592,20,8,'Агык',2,1.23,'Утреннее','2023-05-16','Не покормлен'),(2593,20,8,'Агык',2,1.23,'Вечернее','2023-05-16','Не покормлен'),(2594,20,8,'Крутой',2,2.14,'Утреннее','2023-05-16','Не покормлен'),(2595,20,8,'Крутой',2,2.14,'Вечернее','2023-05-16','Не покормлен'),(2596,19,13,'Большой',2,543.67,'Утреннее','2023-05-16','Не покормлен'),(2597,19,13,'Большой',2,543.67,'Вечернее','2023-05-16','Не покормлен'),(2598,17,11,'Лииис',2,0.53,'Утреннее','2023-05-16','Не покормлен'),(2599,17,11,'Лииис',2,0.53,'Вечернее','2023-05-16','Не покормлен'),(2600,17,11,'Лиис',2,1,'Утреннее','2023-05-16','Не покормлен'),(2601,17,11,'Лиис',2,1,'Вечернее','2023-05-16','Не покормлен'),(2602,17,17,'Семён Николаевич',2,0.03,'Утреннее','2023-05-16','Не покормлен'),(2603,17,17,'Семён Николаевич',2,0.03,'Вечернее','2023-05-16','Не покормлен'),(2604,22,21,'Квак',3,0,'Утреннее','2023-05-16','Не покормлен'),(2605,22,21,'Квак',3,0,'Вечернее','2023-05-16','Не покормлен'),(2606,19,6,'Олег',2,3.24,'Утреннее','2023-05-17','Ожидается'),(2607,19,6,'Олег',2,3.24,'Вечернее','2023-05-17','Ожидается'),(2608,19,6,'Петр',2,9.89,'Утреннее','2023-05-17','Ожидается'),(2609,19,6,'Петр',2,9.89,'Вечернее','2023-05-17','Ожидается'),(2610,19,6,'Ысы',2,3.34,'Утреннее','2023-05-17','Ожидается'),(2611,19,6,'Ысы',2,3.34,'Вечернее','2023-05-17','Ожидается'),(2612,20,8,'Боб',2,0.11,'Утреннее','2023-05-17','Ожидается'),(2613,20,8,'Боб',2,0.11,'Вечернее','2023-05-17','Ожидается'),(2614,20,8,'Да',2,4.32,'Утреннее','2023-05-17','Ожидается'),(2615,20,8,'Да',2,4.32,'Вечернее','2023-05-17','Ожидается'),(2616,20,8,'Он',2,2.36,'Утреннее','2023-05-17','Ожидается'),(2617,20,8,'Он',2,2.36,'Вечернее','2023-05-17','Ожидается'),(2618,20,8,'Агык',2,1.23,'Утреннее','2023-05-17','Ожидается'),(2619,20,8,'Агык',2,1.23,'Вечернее','2023-05-17','Ожидается'),(2620,20,8,'Крутой',2,2.14,'Утреннее','2023-05-17','Ожидается'),(2621,20,8,'Крутой',2,2.14,'Вечернее','2023-05-17','Ожидается'),(2622,17,11,'Лииис',2,0.53,'Утреннее','2023-05-17','Ожидается'),(2623,17,11,'Лииис',2,0.53,'Вечернее','2023-05-17','Ожидается'),(2624,17,11,'Лиис',2,1,'Утреннее','2023-05-17','Ожидается'),(2625,17,11,'Лиис',2,1,'Вечернее','2023-05-17','Ожидается'),(2626,19,13,'Большой',3,543.67,'Утреннее','2023-05-17','Ожидается'),(2627,19,13,'Большой',3,543.67,'Вечернее','2023-05-17','Ожидается'),(2628,17,17,'Семён Николаевич',4,0.03,'Утреннее','2023-05-17','Ожидается'),(2629,17,17,'Семён Николаевич',4,0.03,'Вечернее','2023-05-17','Ожидается'),(2630,20,18,'Дефолтный',12,35,'Утреннее','2023-05-17','Ожидается'),(2631,20,18,'Дефолтный',12,35,'Вечернее','2023-05-17','Ожидается'),(2632,22,21,'Квак',13,0,'Утреннее','2023-05-17','Ожидается'),(2633,22,21,'Квак',13,0,'Вечернее','2023-05-17','Ожидается'),(2932,19,6,'Олег',2,3.24,'Утреннее','2023-05-10','Не покормлен'),(2933,19,6,'Олег',2,3.24,'Утреннее','2023-05-10','Не покормлен'),(2934,19,6,'Петр',2,9.89,'Утреннее','2023-05-10','Не покормлен'),(2935,19,6,'Петр',2,9.89,'Утреннее','2023-05-10','Не покормлен'),(2936,19,6,'Ысы',2,3.34,'Утреннее','2023-05-10','Не покормлен'),(2937,19,6,'Ысы',2,3.34,'Утреннее','2023-05-10','Не покормлен'),(2938,20,8,'Боб',2,0.11,'Утреннее','2023-05-10','Не покормлен'),(2939,20,8,'Боб',2,0.11,'Утреннее','2023-05-10','Не покормлен'),(2940,20,8,'Да',2,4.32,'Утреннее','2023-05-10','Не покормлен'),(2941,20,8,'Да',2,4.32,'Утреннее','2023-05-10','Не покормлен'),(2942,20,8,'Он',2,2.36,'Утреннее','2023-05-10','Не покормлен'),(2943,20,8,'Он',2,2.36,'Утреннее','2023-05-10','Не покормлен'),(2944,20,8,'Агык',2,1.23,'Утреннее','2023-05-10','Не покормлен'),(2945,20,8,'Агык',2,1.23,'Утреннее','2023-05-10','Не покормлен'),(2946,20,8,'Крутой',2,2.14,'Утреннее','2023-05-10','Не покормлен'),(2947,20,8,'Крутой',2,2.14,'Утреннее','2023-05-10','Не покормлен'),(2948,17,11,'Лииис',2,0.53,'Утреннее','2023-05-10','Не покормлен'),(2949,17,11,'Лииис',2,0.53,'Утреннее','2023-05-10','Не покормлен'),(2950,17,11,'Лиис',2,1,'Утреннее','2023-05-10','Не покормлен'),(2951,17,11,'Лиис',2,1,'Утреннее','2023-05-10','Не покормлен'),(2952,19,13,'Большой',3,543.67,'Утреннее','2023-05-10','Не покормлен'),(2953,19,13,'Большой',3,543.67,'Утреннее','2023-05-10','Не покормлен'),(2954,17,17,'Семён Николаевич',4,0.03,'Утреннее','2023-05-10','Не покормлен'),(2955,17,17,'Семён Николаевич',4,0.03,'Утреннее','2023-05-10','Не покормлен'),(2956,20,18,'Дефолтный',12,35,'Утреннее','2023-05-10','Не покормлен'),(2957,20,18,'Дефолтный',12,35,'Утреннее','2023-05-10','Не покормлен'),(2958,19,6,'Олег',2,3.24,'Утреннее','2023-05-12','Не покормлен'),(2959,19,6,'Олег',2,3.24,'Утреннее','2023-05-12','Не покормлен'),(2960,19,6,'Петр',2,9.89,'Утреннее','2023-05-12','Не покормлен'),(2961,19,6,'Петр',2,9.89,'Утреннее','2023-05-12','Не покормлен'),(2962,19,6,'Ысы',2,3.34,'Утреннее','2023-05-12','Не покормлен'),(2963,19,6,'Ысы',2,3.34,'Утреннее','2023-05-12','Не покормлен'),(2964,20,8,'Боб',1,0.11,'Утреннее','2023-05-12','Не покормлен'),(2965,20,8,'Боб',1,0.11,'Утреннее','2023-05-12','Не покормлен'),(2966,20,8,'Да',1,4.32,'Утреннее','2023-05-12','Не покормлен'),(2967,20,8,'Да',1,4.32,'Утреннее','2023-05-12','Не покормлен'),(2968,20,8,'Он',1,2.36,'Утреннее','2023-05-12','Не покормлен'),(2969,20,8,'Он',1,2.36,'Утреннее','2023-05-12','Не покормлен'),(2970,20,8,'Агык',1,1.23,'Утреннее','2023-05-12','Не покормлен'),(2971,20,8,'Агык',1,1.23,'Утреннее','2023-05-12','Не покормлен'),(2972,20,8,'Крутой',1,2.14,'Утреннее','2023-05-12','Не покормлен'),(2973,20,8,'Крутой',1,2.14,'Утреннее','2023-05-12','Не покормлен'),(2974,17,11,'Лииис',3,0.53,'Утреннее','2023-05-12','Не покормлен'),(2975,17,11,'Лииис',3,0.53,'Утреннее','2023-05-12','Не покормлен'),(2976,17,11,'Лиис',3,1,'Утреннее','2023-05-12','Не покормлен'),(2977,17,11,'Лиис',3,1,'Утреннее','2023-05-12','Не покормлен'),(2978,19,13,'Большой',3,543.67,'Утреннее','2023-05-12','Не покормлен'),(2979,19,13,'Большой',3,543.67,'Утреннее','2023-05-12','Не покормлен'),(2980,17,17,'Семён Николаевич',2,0.03,'Утреннее','2023-05-12','Не покормлен'),(2981,17,17,'Семён Николаевич',2,0.03,'Утреннее','2023-05-12','Не покормлен'),(2982,19,6,'Олег',2,3.24,'Утреннее','2023-05-14','Не покормлен'),(2983,19,6,'Олег',2,3.24,'Вечернее','2023-05-14','Не покормлен'),(2984,19,6,'Петр',2,9.89,'Утреннее','2023-05-14','Не покормлен'),(2985,19,6,'Петр',2,9.89,'Вечернее','2023-05-14','Не покормлен'),(2986,19,6,'Ысы',2,3.34,'Утреннее','2023-05-14','Не покормлен'),(2987,19,6,'Ысы',2,3.34,'Вечернее','2023-05-14','Не покормлен'),(2988,20,8,'Боб',2,0.11,'Утреннее','2023-05-14','Не покормлен'),(2989,20,8,'Боб',2,0.11,'Вечернее','2023-05-14','Не покормлен'),(2990,20,8,'Да',2,4.32,'Утреннее','2023-05-14','Не покормлен'),(2991,20,8,'Да',2,4.32,'Вечернее','2023-05-14','Не покормлен'),(2992,20,8,'Он',2,2.36,'Утреннее','2023-05-14','Не покормлен'),(2993,20,8,'Он',2,2.36,'Вечернее','2023-05-14','Не покормлен'),(2994,20,8,'Агык',2,1.23,'Утреннее','2023-05-14','Не покормлен'),(2995,20,8,'Агык',2,1.23,'Вечернее','2023-05-14','Не покормлен'),(2996,20,8,'Крутой',2,2.14,'Утреннее','2023-05-14','Не покормлен'),(2997,20,8,'Крутой',2,2.14,'Вечернее','2023-05-14','Не покормлен'),(2998,17,11,'Лииис',3,0.53,'Утреннее','2023-05-14','Не покормлен'),(2999,17,11,'Лииис',3,0.53,'Вечернее','2023-05-14','Не покормлен'),(3000,17,11,'Лиис',3,1,'Утреннее','2023-05-14','Не покормлен'),(3001,17,11,'Лиис',3,1,'Вечернее','2023-05-14','Не покормлен'),(3002,19,13,'Большой',2,543.67,'Утреннее','2023-05-14','Не покормлен'),(3003,19,13,'Большой',2,543.67,'Вечернее','2023-05-14','Не покормлен'),(3004,16,12,'Леша',1,7.84,'Утреннее','2023-05-14','Покормлен'),(3005,16,12,'Леша',1,7.84,'Вечернее','2023-05-14','Не покормлен'),(3006,17,17,'Семён Николаевич',4,0.03,'Утреннее','2023-05-14','Не покормлен'),(3007,17,17,'Семён Николаевич',4,0.03,'Вечернее','2023-05-14','Не покормлен'),(3008,20,18,'Дефолтный',12,35,'Утреннее','2023-05-14','Не покормлен'),(3009,20,18,'Дефолтный',12,35,'Вечернее','2023-05-14','Не покормлен'),(3010,22,16,'Ыфв',4,2.33,'Утреннее','2023-05-14','Не покормлен'),(3011,22,16,'Ыфв',4,2.33,'Вечернее','2023-05-14','Не покормлен'),(3012,20,8,'Боб',2,0.11,'Утреннее','2023-05-16','Не покормлен'),(3013,20,8,'Боб',2,0.11,'Вечернее','2023-05-16','Не покормлен'),(3014,20,8,'Да',2,4.32,'Утреннее','2023-05-16','Не покормлен'),(3015,20,8,'Да',2,4.32,'Вечернее','2023-05-16','Не покормлен'),(3016,20,8,'Он',2,2.36,'Утреннее','2023-05-16','Не покормлен'),(3017,20,8,'Он',2,2.36,'Вечернее','2023-05-16','Не покормлен'),(3018,20,8,'Агык',2,1.23,'Утреннее','2023-05-16','Не покормлен'),(3019,20,8,'Агык',2,1.23,'Вечернее','2023-05-16','Не покормлен'),(3020,20,8,'Крутой',2,2.14,'Утреннее','2023-05-16','Не покормлен'),(3021,20,8,'Крутой',2,2.14,'Вечернее','2023-05-16','Не покормлен'),(3022,19,13,'Большой',2,543.67,'Утреннее','2023-05-16','Не покормлен'),(3023,19,13,'Большой',2,543.67,'Вечернее','2023-05-16','Не покормлен'),(3024,17,11,'Лииис',2,0.53,'Утреннее','2023-05-16','Не покормлен'),(3025,17,11,'Лииис',2,0.53,'Вечернее','2023-05-16','Не покормлен'),(3026,17,11,'Лиис',2,1,'Утреннее','2023-05-16','Не покормлен'),(3027,17,11,'Лиис',2,1,'Вечернее','2023-05-16','Не покормлен'),(3028,17,17,'Семён Николаевич',2,0.03,'Утреннее','2023-05-16','Не покормлен'),(3029,17,17,'Семён Николаевич',2,0.03,'Вечернее','2023-05-16','Не покормлен'),(3030,22,21,'Квак',3,0,'Утреннее','2023-05-16','Не покормлен'),(3031,22,21,'Квак',3,0,'Вечернее','2023-05-16','Не покормлен'),(3032,19,6,'Олег',2,3.24,'Утреннее','2023-05-17','Ожидается'),(3033,19,6,'Олег',2,3.24,'Вечернее','2023-05-17','Ожидается'),(3034,19,6,'Петр',2,9.89,'Утреннее','2023-05-17','Ожидается'),(3035,19,6,'Петр',2,9.89,'Вечернее','2023-05-17','Ожидается'),(3036,19,6,'Ысы',2,3.34,'Утреннее','2023-05-17','Ожидается'),(3037,19,6,'Ысы',2,3.34,'Вечернее','2023-05-17','Ожидается'),(3038,20,8,'Боб',2,0.11,'Утреннее','2023-05-17','Ожидается'),(3039,20,8,'Боб',2,0.11,'Вечернее','2023-05-17','Ожидается'),(3040,20,8,'Да',2,4.32,'Утреннее','2023-05-17','Ожидается'),(3041,20,8,'Да',2,4.32,'Вечернее','2023-05-17','Ожидается'),(3042,20,8,'Он',2,2.36,'Утреннее','2023-05-17','Ожидается'),(3043,20,8,'Он',2,2.36,'Вечернее','2023-05-17','Ожидается'),(3044,20,8,'Агык',2,1.23,'Утреннее','2023-05-17','Ожидается'),(3045,20,8,'Агык',2,1.23,'Вечернее','2023-05-17','Ожидается'),(3046,20,8,'Крутой',2,2.14,'Утреннее','2023-05-17','Ожидается'),(3461,19,6,'Петр',2,9.89,'Вечернее','2023-05-17','Ожидается'),(3462,19,6,'Ысы',2,3.34,'Утреннее','2023-05-17','Ожидается'),(3463,19,6,'Ысы',2,3.34,'Вечернее','2023-05-17','Ожидается'),(3464,20,8,'Боб',2,0.11,'Утреннее','2023-05-17','Ожидается'),(3465,20,8,'Боб',2,0.11,'Вечернее','2023-05-17','Ожидается'),(3466,20,8,'Да',2,4.32,'Утреннее','2023-05-17','Ожидается'),(3467,20,8,'Да',2,4.32,'Вечернее','2023-05-17','Ожидается'),(3468,20,8,'Он',2,2.36,'Утреннее','2023-05-17','Ожидается'),(3469,20,8,'Он',2,2.36,'Вечернее','2023-05-17','Ожидается'),(3470,20,8,'Агык',2,1.23,'Утреннее','2023-05-17','Ожидается'),(3471,20,8,'Агык',2,1.23,'Вечернее','2023-05-17','Ожидается'),(3472,20,8,'Крутой',2,2.14,'Утреннее','2023-05-17','Ожидается'),(3473,20,8,'Крутой',2,2.14,'Вечернее','2023-05-17','Ожидается'),(3474,17,11,'Лииис',2,0.53,'Утреннее','2023-05-17','Ожидается'),(3475,17,11,'Лииис',2,0.53,'Вечернее','2023-05-17','Ожидается'),(3476,17,11,'Лиис',2,1,'Утреннее','2023-05-17','Ожидается'),(3477,17,11,'Лиис',2,1,'Вечернее','2023-05-17','Ожидается'),(3478,19,13,'Большой',3,543.67,'Утреннее','2023-05-17','Ожидается'),(3479,19,13,'Большой',3,543.67,'Вечернее','2023-05-17','Ожидается'),(3480,17,17,'Семён Николаевич',4,0.03,'Утреннее','2023-05-17','Ожидается'),(3481,17,17,'Семён Николаевич',4,0.03,'Вечернее','2023-05-17','Ожидается'),(3482,20,18,'Дефолтный',12,35,'Утреннее','2023-05-17','Ожидается'),(3483,20,18,'Дефолтный',12,35,'Вечернее','2023-05-17','Ожидается'),(3484,22,21,'Квак',13,0,'Утреннее','2023-05-17','Ожидается'),(3485,22,21,'Квак',13,0,'Вечернее','2023-05-17','Ожидается');
/*!40000 ALTER TABLE `animal_feeding` ENABLE KEYS */;
UNLOCK TABLES;

--
-- Table structure for table `animals`
--

DROP TABLE IF EXISTS `animals`;
/*!40101 SET @saved_cs_client     = @@character_set_client */;
/*!40101 SET character_set_client = utf8 */;
CREATE TABLE `animals` (
  `id` int(11) NOT NULL AUTO_INCREMENT,
  `name` varchar(45) NOT NULL,
  `idview` int(11) NOT NULL,
  `idaviary` int(11) NOT NULL,
  PRIMARY KEY (`id`),
  UNIQUE KEY `id_UNIQUE` (`id`),
  KEY `tr_idx` (`idview`),
  KEY `yt_idx` (`idaviary`),
  CONSTRAINT `tr` FOREIGN KEY (`idview`) REFERENCES `views_animals` (`id`) ON DELETE CASCADE ON UPDATE CASCADE,
  CONSTRAINT `yt` FOREIGN KEY (`idaviary`) REFERENCES `aviary` (`id`) ON DELETE CASCADE ON UPDATE CASCADE
) ENGINE=InnoDB AUTO_INCREMENT=24 DEFAULT CHARSET=utf8;
/*!40101 SET character_set_client = @saved_cs_client */;

--
-- Dumping data for table `animals`
--

LOCK TABLES `animals` WRITE;
/*!40000 ALTER TABLE `animals` DISABLE KEYS */;
INSERT INTO `animals` VALUES (6,'Медведь',1,4),(7,'Конь',1,1),(8,'Волк',1,6),(11,'Лис',1,3),(12,'Жираф',1,5),(13,'Слон',1,2),(14,'Лев',1,7),(16,'Черепаха',2,8),(17,'Кот',8,9),(18,'Носорог',1,10),(19,'Павлин',3,12),(20,'Павук',6,20),(21,'Лягушка',4,13),(22,'Карась',5,14),(23,'Австрийский краб',7,17);
/*!40000 ALTER TABLE `animals` ENABLE KEYS */;
UNLOCK TABLES;

--
-- Table structure for table `animalsnick`
--

DROP TABLE IF EXISTS `animalsnick`;
/*!40101 SET @saved_cs_client     = @@character_set_client */;
/*!40101 SET character_set_client = utf8 */;
CREATE TABLE `animalsnick` (
  `id` int(11) NOT NULL AUTO_INCREMENT,
  `idanimals` int(11) NOT NULL,
  `nickname` varchar(45) NOT NULL,
  `weight` decimal(10,2) NOT NULL,
  `receipt_date` varchar(45) NOT NULL,
  PRIMARY KEY (`id`),
  KEY `yhg_idx` (`idanimals`),
  CONSTRAINT `yhg` FOREIGN KEY (`idanimals`) REFERENCES `animals` (`id`) ON DELETE CASCADE ON UPDATE CASCADE
) ENGINE=InnoDB AUTO_INCREMENT=24 DEFAULT CHARSET=utf8;
/*!40101 SET character_set_client = @saved_cs_client */;

--
-- Dumping data for table `animalsnick`
--

LOCK TABLES `animalsnick` WRITE;
/*!40000 ALTER TABLE `animalsnick` DISABLE KEYS */;
INSERT INTO `animalsnick` VALUES (1,6,'Олег',324.00,'2023-03-22'),(2,7,'Ага',34.00,'2023-03-22'),(3,8,'Боб',11.00,'2023-03-22'),(4,8,'Да',432.00,'2023-03-22'),(5,11,'Лииис',53.00,'2023-03-31'),(6,12,'Леша',783.50,'2023-03-31'),(7,7,'Коонь',324.90,'2023-03-31'),(8,11,'Лиис',100.40,'2023-03-31'),(9,8,'Он',235.97,'2023-03-31'),(10,6,'Петр',989.34,'2023-03-31'),(11,6,'Ысы',333.55,'2023-03-31'),(12,8,'Агык',123.00,'2023-03-31'),(13,8,'Крутой',213.66,'2023-03-31'),(14,14,'Зуб',546.88,'2023-04-05'),(15,13,'Большой',54366.66,'2023-04-05'),(16,17,'Семён Николаевич',3.00,'2023-04-30'),(17,18,'Дефолтный',3500.00,'2023-05-04'),(18,16,'Ыфв',233.00,'2023-05-04'),(19,23,'Инакентий',24.40,'2023-05-16'),(20,19,'Красивый',49.70,'2023-05-16'),(21,20,'Страшный',0.60,'2023-05-16'),(22,21,'Квак',0.50,'2023-05-16'),(23,22,'Некарась',0.10,'2023-05-16');
/*!40000 ALTER TABLE `animalsnick` ENABLE KEYS */;
UNLOCK TABLES;

--
-- Table structure for table `aviary`
--

DROP TABLE IF EXISTS `aviary`;
/*!40101 SET @saved_cs_client     = @@character_set_client */;
/*!40101 SET character_set_client = utf8 */;
CREATE TABLE `aviary` (
  `id` int(11) NOT NULL AUTO_INCREMENT,
  `number` int(11) NOT NULL,
  PRIMARY KEY (`id`),
  UNIQUE KEY `id_UNIQUE` (`id`)
) ENGINE=InnoDB AUTO_INCREMENT=21 DEFAULT CHARSET=utf8;
/*!40101 SET character_set_client = @saved_cs_client */;

--
-- Dumping data for table `aviary`
--

LOCK TABLES `aviary` WRITE;
/*!40000 ALTER TABLE `aviary` DISABLE KEYS */;
INSERT INTO `aviary` VALUES (1,1),(2,2),(3,3),(4,4),(5,5),(6,6),(7,7),(8,8),(9,9),(10,10),(11,11),(12,12),(13,13),(14,14),(15,15),(16,16),(17,17),(18,18),(19,19),(20,20);
/*!40000 ALTER TABLE `aviary` ENABLE KEYS */;
UNLOCK TABLES;

--
-- Table structure for table `diet`
--

DROP TABLE IF EXISTS `diet`;
/*!40101 SET @saved_cs_client     = @@character_set_client */;
/*!40101 SET character_set_client = utf8 */;
CREATE TABLE `diet` (
  `id` int(11) NOT NULL AUTO_INCREMENT,
  `idanimals` int(11) NOT NULL,
  `idfeed` int(11) NOT NULL,
  `days` varchar(200) NOT NULL,
  PRIMARY KEY (`id`),
  KEY `ngffg_idx` (`idanimals`),
  KEY `fdgf_idx` (`idfeed`),
  CONSTRAINT `fdgf` FOREIGN KEY (`idfeed`) REFERENCES `feed` (`id`) ON DELETE CASCADE ON UPDATE CASCADE,
  CONSTRAINT `ngffg` FOREIGN KEY (`idanimals`) REFERENCES `animals` (`id`) ON DELETE CASCADE ON UPDATE CASCADE
) ENGINE=InnoDB AUTO_INCREMENT=22 DEFAULT CHARSET=utf8;
/*!40101 SET character_set_client = @saved_cs_client */;

--
-- Dumping data for table `diet`
--

LOCK TABLES `diet` WRITE;
/*!40000 ALTER TABLE `diet` DISABLE KEYS */;
INSERT INTO `diet` VALUES (1,7,1,'пн,вт,ср,чт,пт,сб,вс'),(2,6,2,'пн,ср,пт,вс'),(4,8,2,'вт,ср,чт'),(5,8,1,'пт,вс'),(6,11,3,'чт,пт'),(7,13,2,'вт,чт,сб'),(8,11,2,'пн,вт,ср'),(9,11,1,'сб,вс'),(10,13,1,'пн'),(11,12,1,'пн'),(12,8,4,'сб,пн'),(13,13,3,'ср'),(14,13,3,'пт'),(15,13,4,'вс'),(16,17,4,'вс,ср'),(17,17,2,'сб,пт,чт,вт,пн'),(18,18,12,'чт,ср'),(19,16,4,'чт'),(20,21,13,'вс,пт,ср,пн'),(21,21,3,'сб,чт,вт');
/*!40000 ALTER TABLE `diet` ENABLE KEYS */;
UNLOCK TABLES;

--
-- Table structure for table `feed`
--

DROP TABLE IF EXISTS `feed`;
/*!40101 SET @saved_cs_client     = @@character_set_client */;
/*!40101 SET character_set_client = utf8 */;
CREATE TABLE `feed` (
  `id` int(11) NOT NULL AUTO_INCREMENT,
  `name_food` varchar(45) NOT NULL,
  `remainder` decimal(10,2) NOT NULL,
  PRIMARY KEY (`id`)
) ENGINE=InnoDB AUTO_INCREMENT=14 DEFAULT CHARSET=utf8;
/*!40101 SET character_set_client = @saved_cs_client */;

--
-- Dumping data for table `feed`
--

LOCK TABLES `feed` WRITE;
/*!40000 ALTER TABLE `feed` DISABLE KEYS */;
INSERT INTO `feed` VALUES (1,'Сено',100062.52),(2,'Мясо',98851.56),(3,'Трава',9440.76),(4,'Рыба',877722.78),(5,'Комбикорм',145.67),(8,'Пшено',324.60),(10,'Сахарная свекла',66.00),(12,'Филе курицы',1000.00),(13,'Комар',8.00);
/*!40000 ALTER TABLE `feed` ENABLE KEYS */;
UNLOCK TABLES;

--
-- Table structure for table `feed_order`
--

DROP TABLE IF EXISTS `feed_order`;
/*!40101 SET @saved_cs_client     = @@character_set_client */;
/*!40101 SET character_set_client = utf8 */;
CREATE TABLE `feed_order` (
  `id` int(11) NOT NULL AUTO_INCREMENT,
  `idfeeding_supplier` int(11) NOT NULL,
  `idfeed` int(11) NOT NULL,
  `feed_quantity_kg` decimal(10,2) NOT NULL,
  `price` decimal(10,2) NOT NULL,
  `order_date` varchar(45) NOT NULL,
  PRIMARY KEY (`id`),
  UNIQUE KEY `id_UNIQUE` (`id`),
  KEY `qw_idx` (`idfeed`),
  KEY `gh_idx` (`idfeeding_supplier`),
  CONSTRAINT `gh` FOREIGN KEY (`idfeeding_supplier`) REFERENCES `feed_supplier` (`id`) ON DELETE CASCADE ON UPDATE CASCADE,
  CONSTRAINT `qw` FOREIGN KEY (`idfeed`) REFERENCES `feed` (`id`) ON DELETE CASCADE ON UPDATE CASCADE
) ENGINE=InnoDB AUTO_INCREMENT=36 DEFAULT CHARSET=utf8;
/*!40101 SET character_set_client = @saved_cs_client */;

--
-- Dumping data for table `feed_order`
--

LOCK TABLES `feed_order` WRITE;
/*!40000 ALTER TABLE `feed_order` DISABLE KEYS */;
INSERT INTO `feed_order` VALUES (1,2,2,4.00,147.20,'2023-03-26'),(2,3,3,56.00,1932.00,'2023-03-26'),(3,2,2,565.00,20792.00,'2023-03-26'),(4,5,5,67.00,3015.00,'2023-03-26'),(5,1,1,5.50,1886.50,'2023-03-27'),(7,5,5,6.67,299.97,'2023-03-27'),(8,2,2,4366.00,160668.80,'2023-03-27'),(9,5,5,9.00,405.00,'2023-03-27'),(10,5,5,9.00,405.00,'2023-03-27'),(11,1,1,8.00,2744.00,'2023-03-27'),(13,4,4,7.00,315.00,'2023-03-27'),(14,4,4,8.00,360.00,'2023-03-27'),(15,1,1,100.00,34300.00,'2023-03-31'),(16,1,1,134.67,46190.67,'2023-04-05'),(18,1,1,100.00,34300.00,'2023-04-08'),(19,4,4,77.00,3465.00,'2023-04-08'),(20,3,3,8986.00,310017.00,'2023-04-08'),(21,1,1,86866.00,29795038.00,'2023-04-08'),(22,4,4,757.00,34065.00,'2023-04-08'),(23,4,4,876876.00,39459420.00,'2023-04-08'),(24,1,1,34223.00,11738489.00,'2023-04-12'),(25,4,4,4.00,180.00,'2023-04-12'),(26,2,2,45.00,1656.00,'2023-04-12'),(27,1,1,43.00,14749.00,'2023-04-12'),(28,12,12,4.00,723.60,'2023-04-18'),(29,10,10,66.00,2244.00,'2023-04-18'),(30,1,1,100000.00,34300000.00,'2023-04-28'),(31,2,2,99900.00,3676320.00,'2023-04-28'),(32,3,3,65.00,2242.50,'2023-05-05'),(33,3,3,1.00,34.50,'2023-05-05'),(34,3,3,1.00,34.50,'2023-05-17'),(35,4,4,1.00,45.00,'2023-05-17');
/*!40000 ALTER TABLE `feed_order` ENABLE KEYS */;
UNLOCK TABLES;

--
-- Table structure for table `feed_supplier`
--

DROP TABLE IF EXISTS `feed_supplier`;
/*!40101 SET @saved_cs_client     = @@character_set_client */;
/*!40101 SET character_set_client = utf8 */;
CREATE TABLE `feed_supplier` (
  `id` int(11) NOT NULL AUTO_INCREMENT,
  `organization_name` varchar(45) NOT NULL,
  `idfeed` int(11) NOT NULL,
  `price` decimal(10,2) NOT NULL,
  PRIMARY KEY (`id`),
  UNIQUE KEY `id_UNIQUE` (`id`),
  KEY `qwe_idx` (`idfeed`),
  CONSTRAINT `qwe` FOREIGN KEY (`idfeed`) REFERENCES `feed` (`id`) ON DELETE CASCADE ON UPDATE CASCADE
) ENGINE=InnoDB AUTO_INCREMENT=14 DEFAULT CHARSET=utf8;
/*!40101 SET character_set_client = @saved_cs_client */;

--
-- Dumping data for table `feed_supplier`
--

LOCK TABLES `feed_supplier` WRITE;
/*!40000 ALTER TABLE `feed_supplier` DISABLE KEYS */;
INSERT INTO `feed_supplier` VALUES (1,'Ника',1,10.00),(2,'ООО Мясо',2,36.80),(3,'ООО Трава',3,34.50),(4,'ООО Рыба',4,45.00),(5,'Алексеев П.П.',5,45.00),(8,'ОАО Пшено',8,43.80),(10,'ООО Свекла',10,34.00),(12,'ООО Филе',12,180.90),(13,'Природа',13,1.00);
/*!40000 ALTER TABLE `feed_supplier` ENABLE KEYS */;
UNLOCK TABLES;

--
-- Table structure for table `feeding_schedule`
--

DROP TABLE IF EXISTS `feeding_schedule`;
/*!40101 SET @saved_cs_client     = @@character_set_client */;
/*!40101 SET character_set_client = utf8 */;
CREATE TABLE `feeding_schedule` (
  `id` int(11) NOT NULL AUTO_INCREMENT,
  `idanimals` int(11) NOT NULL,
  `morning_feeding` varchar(45) NOT NULL,
  `party_feeding` varchar(45) NOT NULL,
  PRIMARY KEY (`id`),
  UNIQUE KEY `id_UNIQUE` (`id`),
  KEY `fgg_idx` (`idanimals`),
  CONSTRAINT `gd` FOREIGN KEY (`idanimals`) REFERENCES `animals` (`id`) ON DELETE CASCADE ON UPDATE CASCADE
) ENGINE=InnoDB AUTO_INCREMENT=12 DEFAULT CHARSET=utf8;
/*!40101 SET character_set_client = @saved_cs_client */;

--
-- Dumping data for table `feeding_schedule`
--

LOCK TABLES `feeding_schedule` WRITE;
/*!40000 ALTER TABLE `feeding_schedule` DISABLE KEYS */;
INSERT INTO `feeding_schedule` VALUES (1,6,'08:01','19:00'),(2,7,'08:00','18:00'),(3,8,'07:05','15:05'),(4,11,'07:22','23:00'),(5,12,'07:21','17:21'),(6,14,'07:09','17:13'),(7,13,'07:09','17:13'),(8,16,'07:21','16:21'),(9,17,'07:00','22:00'),(10,18,'06:33','21:33'),(11,21,'06:05','21:05');
/*!40000 ALTER TABLE `feeding_schedule` ENABLE KEYS */;
UNLOCK TABLES;

--
-- Table structure for table `staff`
--

DROP TABLE IF EXISTS `staff`;
/*!40101 SET @saved_cs_client     = @@character_set_client */;
/*!40101 SET character_set_client = utf8 */;
CREATE TABLE `staff` (
  `id` int(11) NOT NULL AUTO_INCREMENT,
  `iduser` int(11) NOT NULL,
  `idanimal` int(11) NOT NULL,
  PRIMARY KEY (`id`),
  UNIQUE KEY `id_UNIQUE` (`id`),
  KEY `g_idx` (`idanimal`),
  KEY `hg_idx` (`iduser`),
  CONSTRAINT `fdg` FOREIGN KEY (`iduser`) REFERENCES `users` (`id`) ON DELETE CASCADE ON UPDATE CASCADE,
  CONSTRAINT `ыав` FOREIGN KEY (`idanimal`) REFERENCES `animals` (`id`) ON DELETE CASCADE ON UPDATE CASCADE
) ENGINE=InnoDB AUTO_INCREMENT=24 DEFAULT CHARSET=utf8;
/*!40101 SET character_set_client = @saved_cs_client */;

--
-- Dumping data for table `staff`
--

LOCK TABLES `staff` WRITE;
/*!40000 ALTER TABLE `staff` DISABLE KEYS */;
INSERT INTO `staff` VALUES (10,11,6),(11,12,17),(12,13,12),(13,14,8),(15,16,16),(16,13,14),(17,12,11),(19,11,13),(20,14,18),(21,15,20),(22,16,21),(23,15,22);
/*!40000 ALTER TABLE `staff` ENABLE KEYS */;
UNLOCK TABLES;

--
-- Table structure for table `users`
--

DROP TABLE IF EXISTS `users`;
/*!40101 SET @saved_cs_client     = @@character_set_client */;
/*!40101 SET character_set_client = utf8 */;
CREATE TABLE `users` (
  `id` int(11) NOT NULL AUTO_INCREMENT,
  `fio` varchar(100) DEFAULT NULL,
  `login` varchar(45) NOT NULL,
  `passwd` varchar(200) NOT NULL,
  `age` int(2) DEFAULT NULL,
  `role` varchar(45) NOT NULL,
  PRIMARY KEY (`id`),
  UNIQUE KEY `id_UNIQUE` (`id`),
  UNIQUE KEY `login_UNIQUE` (`login`)
) ENGINE=InnoDB AUTO_INCREMENT=20 DEFAULT CHARSET=utf8;
/*!40101 SET character_set_client = @saved_cs_client */;

--
-- Dumping data for table `users`
--

LOCK TABLES `users` WRITE;
/*!40000 ALTER TABLE `users` DISABLE KEYS */;
INSERT INTO `users` VALUES (1,'Лебедев А.С.','admin','8c6976e5b5410415bde908bd4dee15dfb167a9c873fc4bb8a81f6f2ab448a918',18,'Администратор'),(11,'Перистов Д.С.','user','04f8996da763b7a969b1028ee3007569eaf3a635486ddab211d512c85b9df8fb',19,'Сотрудник'),(12,'Ника','user1','04f8996da763b7a969b1028ee3007569eaf3a635486ddab211d512c85b9df8fb',4,'Сотрудник'),(13,'Егоров Д.Д.','user2','04f8996da763b7a969b1028ee3007569eaf3a635486ddab211d512c85b9df8fb',75,'Сотрудник'),(14,'Александр П.П.','user3','04f8996da763b7a969b1028ee3007569eaf3a635486ddab211d512c85b9df8fb',23,'Сотрудник'),(15,'Валентин А.А.','user4','04f8996da763b7a969b1028ee3007569eaf3a635486ddab211d512c85b9df8fb',44,'Сотрудник'),(16,'Онсамый Н.С.','user5','a418d52acf254bf217d76d4fb18e8472b7a8b4df2f9ec3631bea0da1887d2e84',34,'Сотрудник');
/*!40000 ALTER TABLE `users` ENABLE KEYS */;
UNLOCK TABLES;

--
-- Table structure for table `views_animals`
--

DROP TABLE IF EXISTS `views_animals`;
/*!40101 SET @saved_cs_client     = @@character_set_client */;
/*!40101 SET character_set_client = utf8 */;
CREATE TABLE `views_animals` (
  `id` int(11) NOT NULL AUTO_INCREMENT,
  `view` varchar(45) NOT NULL,
  PRIMARY KEY (`id`),
  UNIQUE KEY `id_UNIQUE` (`id`)
) ENGINE=InnoDB AUTO_INCREMENT=9 DEFAULT CHARSET=utf8;
/*!40101 SET character_set_client = @saved_cs_client */;

--
-- Dumping data for table `views_animals`
--

LOCK TABLES `views_animals` WRITE;
/*!40000 ALTER TABLE `views_animals` DISABLE KEYS */;
INSERT INTO `views_animals` VALUES (1,'Млекопитающие'),(2,'Пресмыкающиеся'),(3,'Птицы'),(4,'Земноводные'),(5,'Рыбы'),(6,'Паукообразные'),(7,'Ракообразные'),(8,'Домашние');
/*!40000 ALTER TABLE `views_animals` ENABLE KEYS */;
UNLOCK TABLES;
/*!40103 SET TIME_ZONE=@OLD_TIME_ZONE */;

/*!40101 SET SQL_MODE=@OLD_SQL_MODE */;
/*!40014 SET FOREIGN_KEY_CHECKS=@OLD_FOREIGN_KEY_CHECKS */;
/*!40014 SET UNIQUE_CHECKS=@OLD_UNIQUE_CHECKS */;
/*!40101 SET CHARACTER_SET_CLIENT=@OLD_CHARACTER_SET_CLIENT */;
/*!40101 SET CHARACTER_SET_RESULTS=@OLD_CHARACTER_SET_RESULTS */;
/*!40101 SET COLLATION_CONNECTION=@OLD_COLLATION_CONNECTION */;
/*!40111 SET SQL_NOTES=@OLD_SQL_NOTES */;

-- Dump completed on 2023-05-17  1:37:44
