-- MySqlBackup.NET 2.3.6
-- Dump Time: 2023-05-17 00:58:43
-- --------------------------------------
-- Server version 5.7.38 MySQL Community Server (GPL)


/*!40101 SET @OLD_CHARACTER_SET_CLIENT=@@CHARACTER_SET_CLIENT */;
/*!40101 SET @OLD_CHARACTER_SET_RESULTS=@@CHARACTER_SET_RESULTS */;
/*!40101 SET @OLD_COLLATION_CONNECTION=@@COLLATION_CONNECTION */;
/*!40101 SET NAMES utf8 */;
/*!40014 SET @OLD_UNIQUE_CHECKS=@@UNIQUE_CHECKS, UNIQUE_CHECKS=0 */;
/*!40014 SET @OLD_FOREIGN_KEY_CHECKS=@@FOREIGN_KEY_CHECKS, FOREIGN_KEY_CHECKS=0 */;
/*!40101 SET @OLD_SQL_MODE=@@SQL_MODE, SQL_MODE='NO_AUTO_VALUE_ON_ZERO' */;
/*!40111 SET @OLD_SQL_NOTES=@@SQL_NOTES, SQL_NOTES=0 */;


-- 
-- Definition of aviary
-- 

DROP TABLE IF EXISTS `aviary`;
CREATE TABLE IF NOT EXISTS `aviary` (
  `id` int(11) NOT NULL AUTO_INCREMENT,
  `number` int(11) NOT NULL,
  PRIMARY KEY (`id`),
  UNIQUE KEY `id_UNIQUE` (`id`)
) ENGINE=InnoDB AUTO_INCREMENT=21 DEFAULT CHARSET=utf8;

-- 
-- Dumping data for table aviary
-- 

/*!40000 ALTER TABLE `aviary` DISABLE KEYS */;
INSERT INTO `aviary`(`id`,`number`) VALUES(1,1),(2,2),(3,3),(4,4),(5,5),(6,6),(7,7),(8,8),(9,9),(10,10),(11,11),(12,12),(13,13),(14,14),(15,15),(16,16),(17,17),(18,18),(19,19),(20,20);
/*!40000 ALTER TABLE `aviary` ENABLE KEYS */;

-- 
-- Definition of animals
-- 

DROP TABLE IF EXISTS `animals`;
CREATE TABLE IF NOT EXISTS `animals` (
  `id` int(11) NOT NULL AUTO_INCREMENT,
  `name` varchar(45) NOT NULL,
  `idview` int(11) NOT NULL,
  `idaviary` int(11) NOT NULL,
  PRIMARY KEY (`id`),
  UNIQUE KEY `id_UNIQUE` (`id`),
  KEY `tr_idx` (`idview`),
  KEY `yt_idx` (`idaviary`),
  CONSTRAINT `tr` FOREIGN KEY (`idview`) REFERENCES `views_animals` (`id`) ON DELETE CASCADE ON UPDATE CASCADE,
  CONSTRAINT `yt` FOREIGN KEY (`idaviary`) REFERENCES `aviary` (`id`) ON DELETE CASCADE ON UPDATE CASCADE
) ENGINE=InnoDB AUTO_INCREMENT=24 DEFAULT CHARSET=utf8;

-- 
-- Dumping data for table animals
-- 

/*!40000 ALTER TABLE `animals` DISABLE KEYS */;
INSERT INTO `animals`(`id`,`name`,`idview`,`idaviary`) VALUES(6,'Медведь',1,4),(7,'Конь',1,1),(8,'Волк',1,6),(11,'Лис',1,3),(12,'Жираф',1,5),(13,'Слон',1,2),(14,'Лев',1,7),(16,'Черепаха',2,8),(17,'Кот',8,9),(18,'Носорог',1,10),(19,'Павлин',3,12),(20,'Павук',6,20),(21,'Лягушка',4,13),(22,'Карась',5,14),(23,'Австрийский краб',7,17);
/*!40000 ALTER TABLE `animals` ENABLE KEYS */;

-- 
-- Definition of animal_feeding
-- 

DROP TABLE IF EXISTS `animal_feeding`;
CREATE TABLE IF NOT EXISTS `animal_feeding` (
  `id` int(11) NOT NULL AUTO_INCREMENT,
  `idstaff` int(11) NOT NULL,
  `idanimal` int(11) NOT NULL,
  `nickname` varchar(45) NOT NULL,
  `idfeed` int(11) NOT NULL,
  `feed_quantity` double NOT NULL,
  `time` varchar(45) NOT NULL,
  `date_feeding` varchar(45) NOT NULL,
  `status` varchar(45) DEFAULT NULL,
  PRIMARY KEY (`id`),
  UNIQUE KEY `id_UNIQUE` (`id`),
  KEY `qwee_idx` (`idanimal`),
  KEY `hgg_idx` (`idfeed`),
  KEY `fgfgh_idx` (`idstaff`),
  CONSTRAINT `fgfgh` FOREIGN KEY (`idstaff`) REFERENCES `staff` (`id`) ON DELETE NO ACTION ON UPDATE NO ACTION,
  CONSTRAINT `hgg` FOREIGN KEY (`idfeed`) REFERENCES `feed` (`id`) ON DELETE NO ACTION ON UPDATE NO ACTION,
  CONSTRAINT `qwee` FOREIGN KEY (`idanimal`) REFERENCES `animals` (`id`) ON DELETE NO ACTION ON UPDATE NO ACTION
) ENGINE=InnoDB AUTO_INCREMENT=504 DEFAULT CHARSET=utf8;

-- 
-- Dumping data for table animal_feeding
-- 

/*!40000 ALTER TABLE `animal_feeding` DISABLE KEYS */;
INSERT INTO `animal_feeding`(`id`,`idstaff`,`idanimal`,`nickname`,`idfeed`,`feed_quantity`,`time`,`date_feeding`,`status`) VALUES(87,11,7,'Ага',1,0.34,'Утреннее','2023-04-25','Не покормлен'),(88,11,7,'Коонь',1,3.25,'Утреннее','2023-04-25','Не покормлен'),(89,13,8,'Боб',2,0.11,'Утреннее','2023-04-25','Покормлен'),(90,13,8,'Да',2,4.32,'Утреннее','2023-04-25','Покормлен'),(91,13,8,'Он',2,2.36,'Утреннее','2023-04-25','Покормлен'),(92,13,8,'Агык',2,1.23,'Утреннее','2023-04-25','Покормлен'),(93,13,8,'Крутой',2,2.14,'Утреннее','2023-04-25','Покормлен'),(96,17,13,'Большой',2,543.67,'Утреннее','2023-04-25','Не покормлен'),(97,11,7,'Ага',1,0.34,'Вечернее','2023-04-25','Покормлен'),(98,11,7,'Коонь',1,3.25,'Вечернее','2023-04-25','Покормлен'),(99,13,8,'Боб',2,0.11,'Вечернее','2023-04-25','Покормлен'),(100,13,8,'Да',2,4.32,'Вечернее','2023-04-25','Покормлен'),(101,13,8,'Он',2,2.36,'Вечернее','2023-04-25','Покормлен'),(102,13,8,'Агык',2,1.23,'Вечернее','2023-04-25','Покормлен'),(103,13,8,'Крутой',2,2.14,'Вечернее','2023-04-25','Покормлен'),(106,17,13,'Большой',2,543.67,'Вечернее','2023-04-25','Не покормлен'),(107,11,7,'Ага',1,0.34,'Утреннее','2023-04-27','Покормлен'),(108,11,7,'Коонь',1,3.25,'Утреннее','2023-04-27','Покормлен'),(109,13,8,'Боб',2,0.11,'Утреннее','2023-04-27','Покормлен'),(110,13,8,'Да',2,4.32,'Утреннее','2023-04-27','Покормлен'),(111,13,8,'Он',2,2.36,'Утреннее','2023-04-27','Покормлен'),(112,13,8,'Агык',2,1.23,'Утреннее','2023-04-27','Покормлен'),(113,13,8,'Крутой',2,2.14,'Утреннее','2023-04-27','Покормлен'),(116,17,13,'Большой',2,543.67,'Утреннее','2023-04-27','Покормлен'),(117,11,7,'Ага',1,0.34,'Вечернее','2023-04-27','Покормлен'),(118,11,7,'Коонь',1,3.25,'Вечернее','2023-04-27','Покормлен'),(119,13,8,'Боб',2,0.11,'Вечернее','2023-04-27','Покормлен'),(120,13,8,'Да',2,4.32,'Вечернее','2023-04-27','Покормлен'),(121,13,8,'Он',2,2.36,'Вечернее','2023-04-27','Покормлен'),(122,13,8,'Агык',2,1.23,'Вечернее','2023-04-27','Покормлен'),(123,13,8,'Крутой',2,2.14,'Вечернее','2023-04-27','Покормлен'),(126,17,13,'Большой',2,543.67,'Вечернее','2023-04-27','Покормлен'),(127,10,6,'Олег',2,3.24,'Утреннее','2023-04-28','Не покормлен'),(128,10,6,'Петр',2,9.89,'Утреннее','2023-04-28','Не покормлен'),(129,10,6,'Ысы',2,3.34,'Утреннее','2023-04-28','Не покормлен'),(130,11,7,'Ага',1,0.34,'Утреннее','2023-04-28','Покормлен'),(131,11,7,'Коонь',1,3.25,'Утреннее','2023-04-28','Покормлен'),(132,13,8,'Боб',1,0.11,'Утреннее','2023-04-28','Покормлен'),(133,13,8,'Да',1,4.32,'Утреннее','2023-04-28','Покормлен'),(134,13,8,'Он',1,2.36,'Утреннее','2023-04-28','Покормлен'),(135,13,8,'Агык',1,1.23,'Утреннее','2023-04-28','Покормлен'),(136,13,8,'Крутой',1,2.14,'Утреннее','2023-04-28','Покормлен'),(137,17,11,'Лииис',3,0.53,'Утреннее','2023-04-28','Покормлен'),(138,17,11,'Лиис',3,1,'Утреннее','2023-04-28','Покормлен'),(139,19,13,'Большой',3,543.67,'Утреннее','2023-04-28','Не покормлен'),(140,10,6,'Олег',2,3.24,'Вечернее','2023-04-28','Не покормлен'),(141,10,6,'Петр',2,9.89,'Вечернее','2023-04-28','Не покормлен'),(142,10,6,'Ысы',2,3.34,'Вечернее','2023-04-28','Не покормлен'),(143,11,7,'Ага',1,0.34,'Вечернее','2023-04-28','Покормлен'),(144,11,7,'Коонь',1,3.25,'Вечернее','2023-04-28','Покормлен'),(145,13,8,'Боб',1,0.11,'Вечернее','2023-04-28','Покормлен'),(146,13,8,'Да',1,4.32,'Вечернее','2023-04-28','Покормлен'),(147,13,8,'Он',1,2.36,'Вечернее','2023-04-28','Покормлен'),(148,13,8,'Агык',1,1.23,'Вечернее','2023-04-28','Покормлен'),(149,13,8,'Крутой',1,2.14,'Вечернее','2023-04-28','Покормлен'),(150,17,11,'Лииис',3,0.53,'Вечернее','2023-04-28','Покормлен'),(151,17,11,'Лиис',3,1,'Вечернее','2023-04-28','Покормлен'),(152,19,13,'Большой',3,543.67,'Вечернее','2023-04-28','Не покормлен'),(153,11,7,'Ага',1,0.34,'Утреннее','2023-04-29','Не покормлен'),(154,11,7,'Коонь',1,3.25,'Утреннее','2023-04-29','Не покормлен'),(155,13,8,'Боб',4,0.11,'Утреннее','2023-04-29','Не покормлен'),(156,13,8,'Да',4,4.32,'Утреннее','2023-04-29','Не покормлен'),(157,13,8,'Он',4,2.36,'Утреннее','2023-04-29','Не покормлен'),(158,13,8,'Агык',4,1.23,'Утреннее','2023-04-29','Не покормлен'),(159,13,8,'Крутой',4,2.14,'Утреннее','2023-04-29','Не покормлен'),(160,17,11,'Лииис',1,0.53,'Утреннее','2023-04-29','Покормлен'),(161,17,11,'Лиис',1,1,'Утреннее','2023-04-29','Покормлен'),(162,19,13,'Большой',2,543.67,'Утреннее','2023-04-29','Не покормлен'),(163,11,7,'Ага',1,0.34,'Вечернее','2023-04-29','Не покормлен'),(164,11,7,'Коонь',1,3.25,'Вечернее','2023-04-29','Не покормлен'),(165,13,8,'Боб',4,0.11,'Вечернее','2023-04-29','Покормлен'),(166,13,8,'Да',4,4.32,'Вечернее','2023-04-29','Покормлен'),(167,13,8,'Он',4,2.36,'Вечернее','2023-04-29','Покормлен'),(168,13,8,'Агык',4,1.23,'Вечернее','2023-04-29','Покормлен'),(169,13,8,'Крутой',4,2.14,'Вечернее','2023-04-29','Покормлен'),(170,17,11,'Лииис',1,0.53,'Вечернее','2023-04-29','Не покормлен'),(171,17,11,'Лиис',1,1,'Вечернее','2023-04-29','Не покормлен'),(201,10,6,'Олег',2,3.24,'Утреннее','2023-04-30','Покормлен'),(202,10,6,'Петр',2,9.89,'Утреннее','2023-04-30','Покормлен'),(203,10,6,'Ысы',2,3.34,'Утреннее','2023-04-30','Покормлен'),(204,11,7,'Ага',1,0.34,'Утреннее','2023-04-30','Не покормлен'),(205,11,7,'Коонь',1,3.25,'Утреннее','2023-04-30','Не покормлен'),(206,13,8,'Боб',2,0.11,'Утреннее','2023-04-30','Не покормлен'),(207,13,8,'Да',2,4.32,'Утреннее','2023-04-30','Не покормлен'),(208,13,8,'Он',2,2.36,'Утреннее','2023-04-30','Не покормлен'),(209,13,8,'Агык',2,1.23,'Утреннее','2023-04-30','Не покормлен'),(210,13,8,'Крутой',2,2.14,'Утреннее','2023-04-30','Не покормлен'),(211,17,11,'Лииис',3,0.53,'Утреннее','2023-04-30','Не покормлен'),(212,17,11,'Лиис',3,1,'Утреннее','2023-04-30','Не покормлен'),(213,12,12,'Леша',1,7.84,'Утреннее','2023-04-30','Не покормлен'),(214,19,13,'Большой',2,543.67,'Утреннее','2023-04-30','Покормлен'),(215,10,6,'Олег',2,3.24,'Вечернее','2023-04-30','Покормлен'),(216,10,6,'Петр',2,9.89,'Вечернее','2023-04-30','Покормлен'),(217,10,6,'Ысы',2,3.34,'Вечернее','2023-04-30','Покормлен'),(218,11,7,'Ага',1,0.34,'Вечернее','2023-04-30','Не покормлен'),(219,11,7,'Коонь',1,3.25,'Вечернее','2023-04-30','Не покормлен'),(220,13,8,'Боб',2,0.11,'Вечернее','2023-04-30','Не покормлен'),(221,13,8,'Да',2,4.32,'Вечернее','2023-04-30','Не покормлен'),(222,13,8,'Он',2,2.36,'Вечернее','2023-04-30','Не покормлен'),(223,13,8,'Агык',2,1.23,'Вечернее','2023-04-30','Не покормлен'),(224,13,8,'Крутой',2,2.14,'Вечернее','2023-04-30','Не покормлен'),(225,17,11,'Лииис',3,0.53,'Вечернее','2023-04-30','Не покормлен'),(226,17,11,'Лиис',3,1,'Вечернее','2023-04-30','Не покормлен'),(227,12,12,'Леша',1,7.84,'Вечернее','2023-04-30','Не покормлен'),(228,19,13,'Большой',2,543.67,'Вечернее','2023-04-30','Покормлен'),(238,13,8,'Боб',2,0.11,'Утреннее','2023-05-02','Не покормлен'),(239,13,8,'Да',2,4.32,'Утреннее','2023-05-02','Не покормлен'),(240,13,8,'Он',2,2.36,'Утреннее','2023-05-02','Не покормлен'),(241,13,8,'Агык',2,1.23,'Утреннее','2023-05-02','Не покормлен'),(242,13,8,'Крутой',2,2.14,'Утреннее','2023-05-02','Не покормлен'),(243,17,11,'Лииис',2,0.53,'Утреннее','2023-05-02','Не покормлен'),(244,17,11,'Лиис',2,1,'Утреннее','2023-05-02','Не покормлен'),(245,19,13,'Большой',2,543.67,'Утреннее','2023-05-02','Не покормлен'),(246,11,17,'Семён Николаевич',2,0.03,'Утреннее','2023-05-02','Не покормлен'),(247,13,8,'Боб',2,0.11,'Вечернее','2023-05-02','Не покормлен'),(248,13,8,'Да',2,4.32,'Вечернее','2023-05-02','Не покормлен'),(249,13,8,'Он',2,2.36,'Вечернее','2023-05-02','Не покормлен'),(250,13,8,'Агык',2,1.23,'Вечернее','2023-05-02','Не покормлен'),(251,13,8,'Крутой',2,2.14,'Вечернее','2023-05-02','Не покормлен'),(252,17,11,'Лииис',2,0.53,'Вечернее','2023-05-02','Не покормлен'),(253,17,11,'Лиис',2,1,'Вечернее','2023-05-02','Не покормлен'),(254,19,13,'Большой',2,543.67,'Вечернее','2023-05-02','Не покормлен'),(255,11,17,'Семён Николаевич',2,0.03,'Вечернее','2023-05-02','Не покормлен'),(256,10,6,'Олег',2,3.24,'Утреннее','2023-05-03','Не покормлен'),(257,10,6,'Петр',2,9.89,'Утреннее','2023-05-03','Не покормлен'),(258,10,6,'Ысы',2,3.34,'Утреннее','2023-05-03','Не покормлен'),(259,13,8,'Боб',2,0.11,'Утреннее','2023-05-03','Не покормлен'),(260,13,8,'Да',2,4.32,'Утреннее','2023-05-03','Не покормлен'),(261,13,8,'Он',2,2.36,'Утреннее','2023-05-03','Не покормлен'),(262,13,8,'Агык',2,1.23,'Утреннее','2023-05-03','Не покормлен'),(263,13,8,'Крутой',2,2.14,'Утреннее','2023-05-03','Не покормлен'),(264,17,11,'Лииис',2,0.53,'Утреннее','2023-05-03','Не покормлен'),(265,17,11,'Лиис',2,1,'Утреннее','2023-05-03','Не покормлен'),(266,19,13,'Большой',3,543.67,'Утреннее','2023-05-03','Не покормлен'),(267,11,17,'Семён Николаевич',4,0.03,'Утреннее','2023-05-03','Не покормлен'),(268,10,6,'Олег',2,3.24,'Вечернее','2023-05-03','Не покормлен'),(269,10,6,'Петр',2,9.89,'Вечернее','2023-05-03','Не покормлен'),(270,10,6,'Ысы',2,3.34,'Вечернее','2023-05-03','Не покормлен'),(271,13,8,'Боб',2,0.11,'Вечернее','2023-05-03','Не покормлен'),(272,13,8,'Да',2,4.32,'Вечернее','2023-05-03','Не покормлен'),(273,13,8,'Он',2,2.36,'Вечернее','2023-05-03','Не покормлен'),(274,13,8,'Агык',2,1.23,'Вечернее','2023-05-03','Не покормлен'),(275,13,8,'Крутой',2,2.14,'Вечернее','2023-05-03','Не покормлен'),(276,17,11,'Лииис',2,0.53,'Вечернее','2023-05-03','Не покормлен'),(277,17,11,'Лиис',2,1,'Вечернее','2023-05-03','Не покормлен'),(278,19,13,'Большой',3,543.67,'Вечернее','2023-05-03','Не покормлен'),(279,11,17,'Семён Николаевич',4,0.03,'Вечернее','2023-05-03','Не покормлен'),(300,13,8,'Боб',2,0.11,'Утреннее','2023-05-04','Не покормлен'),(301,13,8,'Боб',2,0.11,'Утреннее','2023-05-04','Не покормлен'),(302,13,8,'Да',2,4.32,'Утреннее','2023-05-04','Не покормлен'),(303,13,8,'Да',2,4.32,'Утреннее','2023-05-04','Не покормлен'),(304,13,8,'Он',2,2.36,'Утреннее','2023-05-04','Не покормлен'),(305,13,8,'Он',2,2.36,'Утреннее','2023-05-04','Не покормлен'),(306,13,8,'Агык',2,1.23,'Утреннее','2023-05-04','Не покормлен'),(307,13,8,'Агык',2,1.23,'Утреннее','2023-05-04','Не покормлен'),(308,13,8,'Крутой',2,2.14,'Утреннее','2023-05-04','Не покормлен'),(309,13,8,'Крутой',2,2.14,'Утреннее','2023-05-04','Не покормлен'),(310,17,11,'Лииис',3,0.53,'Утреннее','2023-05-04','Не покормлен'),(311,17,11,'Лииис',3,0.53,'Утреннее','2023-05-04','Не покормлен'),(312,17,11,'Лиис',3,1,'Утреннее','2023-05-04','Не покормлен'),(313,17,11,'Лиис',3,1,'Утреннее','2023-05-04','Не покормлен'),(314,19,13,'Большой',2,543.67,'Утреннее','2023-05-04','Не покормлен'),(315,19,13,'Большой',2,543.67,'Утреннее','2023-05-04','Не покормлен'),(316,11,17,'Семён Николаевич',2,0.03,'Утреннее','2023-05-04','Не покормлен'),(317,11,17,'Семён Николаевич',2,0.03,'Утреннее','2023-05-04','Не покормлен'),(318,20,18,'Дефолтный',12,35,'Утреннее','2023-05-04','Не покормлен'),(319,20,18,'Дефолтный',12,35,'Утреннее','2023-05-04','Не покормлен'),(320,15,16,'Ыфв',4,2.33,'Утреннее','2023-05-04','Не покормлен'),(321,15,16,'Ыфв',4,2.33,'Утреннее','2023-05-04','Не покормлен'),(322,10,6,'Олег',2,3.24,'Утреннее','2023-05-05','Не покормлен'),(323,10,6,'Олег',2,3.24,'Утреннее','2023-05-05','Не покормлен'),(324,10,6,'Петр',2,9.89,'Утреннее','2023-05-05','Не покормлен'),(325,10,6,'Петр',2,9.89,'Утреннее','2023-05-05','Не покормлен'),(326,10,6,'Ысы',2,3.34,'Утреннее','2023-05-05','Не покормлен'),(327,10,6,'Ысы',2,3.34,'Утреннее','2023-05-05','Не покормлен'),(328,13,8,'Боб',1,0.11,'Утреннее','2023-05-05','Не покормлен'),(329,13,8,'Боб',1,0.11,'Утреннее','2023-05-05','Не покормлен'),(330,13,8,'Да',1,4.32,'Утреннее','2023-05-05','Не покормлен'),(331,13,8,'Да',1,4.32,'Утреннее','2023-05-05','Не покормлен'),(332,13,8,'Он',1,2.36,'Утреннее','2023-05-05','Не покормлен'),(333,13,8,'Он',1,2.36,'Утреннее','2023-05-05','Не покормлен'),(334,13,8,'Агык',1,1.23,'Утреннее','2023-05-05','Не покормлен'),(335,13,8,'Агык',1,1.23,'Утреннее','2023-05-05','Не покормлен'),(336,13,8,'Крутой',1,2.14,'Утреннее','2023-05-05','Не покормлен'),(337,13,8,'Крутой',1,2.14,'Утреннее','2023-05-05','Не покормлен'),(338,17,11,'Лииис',3,0.53,'Утреннее','2023-05-05','Не покормлен'),(339,17,11,'Лииис',3,0.53,'Утреннее','2023-05-05','Не покормлен'),(340,17,11,'Лиис',3,1,'Утреннее','2023-05-05','Не покормлен'),(341,17,11,'Лиис',3,1,'Утреннее','2023-05-05','Не покормлен'),(342,19,13,'Большой',3,543.67,'Утреннее','2023-05-05','Не покормлен'),(343,19,13,'Большой',3,543.67,'Утреннее','2023-05-05','Не покормлен'),(344,11,17,'Семён Николаевич',2,0.03,'Утреннее','2023-05-05','Не покормлен'),(345,11,17,'Семён Николаевич',2,0.03,'Утреннее','2023-05-05','Не покормлен'),(346,10,6,'Олег',2,3.24,'Утреннее','2023-05-10','Не покормлен'),(347,10,6,'Олег',2,3.24,'Утреннее','2023-05-10','Не покормлен'),(348,10,6,'Петр',2,9.89,'Утреннее','2023-05-10','Не покормлен'),(349,10,6,'Петр',2,9.89,'Утреннее','2023-05-10','Не покормлен'),(350,10,6,'Ысы',2,3.34,'Утреннее','2023-05-10','Не покормлен'),(351,10,6,'Ысы',2,3.34,'Утреннее','2023-05-10','Не покормлен'),(352,13,8,'Боб',2,0.11,'Утреннее','2023-05-10','Не покормлен'),(353,13,8,'Боб',2,0.11,'Утреннее','2023-05-10','Не покормлен'),(354,13,8,'Да',2,4.32,'Утреннее','2023-05-10','Не покормлен'),(355,13,8,'Да',2,4.32,'Утреннее','2023-05-10','Не покормлен'),(356,13,8,'Он',2,2.36,'Утреннее','2023-05-10','Не покормлен'),(357,13,8,'Он',2,2.36,'Утреннее','2023-05-10','Не покормлен'),(358,13,8,'Агык',2,1.23,'Утреннее','2023-05-10','Не покормлен'),(359,13,8,'Агык',2,1.23,'Утреннее','2023-05-10','Не покормлен'),(360,13,8,'Крутой',2,2.14,'Утреннее','2023-05-10','Не покормлен'),(361,13,8,'Крутой',2,2.14,'Утреннее','2023-05-10','Не покормлен'),(362,17,11,'Лииис',2,0.53,'Утреннее','2023-05-10','Не покормлен'),(363,17,11,'Лииис',2,0.53,'Утреннее','2023-05-10','Не покормлен'),(364,17,11,'Лиис',2,1,'Утреннее','2023-05-10','Не покормлен'),(365,17,11,'Лиис',2,1,'Утреннее','2023-05-10','Не покормлен'),(366,19,13,'Большой',3,543.67,'Утреннее','2023-05-10','Не покормлен'),(367,19,13,'Большой',3,543.67,'Утреннее','2023-05-10','Не покормлен'),(368,11,17,'Семён Николаевич',4,0.03,'Утреннее','2023-05-10','Не покормлен'),(369,11,17,'Семён Николаевич',4,0.03,'Утреннее','2023-05-10','Не покормлен'),(370,20,18,'Дефолтный',12,35,'Утреннее','2023-05-10','Не покормлен'),(371,20,18,'Дефолтный',12,35,'Утреннее','2023-05-10','Не покормлен'),(372,10,6,'Олег',2,3.24,'Утреннее','2023-05-12','Не покормлен'),(373,10,6,'Олег',2,3.24,'Утреннее','2023-05-12','Не покормлен'),(374,10,6,'Петр',2,9.89,'Утреннее','2023-05-12','Не покормлен'),(375,10,6,'Петр',2,9.89,'Утреннее','2023-05-12','Не покормлен'),(376,10,6,'Ысы',2,3.34,'Утреннее','2023-05-12','Не покормлен'),(377,10,6,'Ысы',2,3.34,'Утреннее','2023-05-12','Не покормлен'),(378,13,8,'Боб',1,0.11,'Утреннее','2023-05-12','Не покормлен'),(379,13,8,'Боб',1,0.11,'Утреннее','2023-05-12','Не покормлен'),(380,13,8,'Да',1,4.32,'Утреннее','2023-05-12','Не покормлен'),(381,13,8,'Да',1,4.32,'Утреннее','2023-05-12','Не покормлен'),(382,13,8,'Он',1,2.36,'Утреннее','2023-05-12','Не покормлен'),(383,13,8,'Он',1,2.36,'Утреннее','2023-05-12','Не покормлен'),(384,13,8,'Агык',1,1.23,'Утреннее','2023-05-12','Не покормлен'),(385,13,8,'Агык',1,1.23,'Утреннее','2023-05-12','Не покормлен'),(386,13,8,'Крутой',1,2.14,'Утреннее','2023-05-12','Не покормлен'),(387,13,8,'Крутой',1,2.14,'Утреннее','2023-05-12','Не покормлен'),(388,17,11,'Лииис',3,0.53,'Утреннее','2023-05-12','Не покормлен'),(389,17,11,'Лииис',3,0.53,'Утреннее','2023-05-12','Не покормлен'),(390,17,11,'Лиис',3,1,'Утреннее','2023-05-12','Не покормлен'),(391,17,11,'Лиис',3,1,'Утреннее','2023-05-12','Не покормлен'),(392,19,13,'Большой',3,543.67,'Утреннее','2023-05-12','Не покормлен'),(393,19,13,'Большой',3,543.67,'Утреннее','2023-05-12','Не покормлен'),(394,11,17,'Семён Николаевич',2,0.03,'Утреннее','2023-05-12','Не покормлен'),(395,11,17,'Семён Николаевич',2,0.03,'Утреннее','2023-05-12','Не покормлен'),(426,10,6,'Олег',2,3.24,'Утреннее','2023-05-14','Не покормлен'),(427,10,6,'Олег',2,3.24,'Вечернее','2023-05-14','Не покормлен'),(428,10,6,'Петр',2,9.89,'Утреннее','2023-05-14','Не покормлен'),(429,10,6,'Петр',2,9.89,'Вечернее','2023-05-14','Не покормлен'),(430,10,6,'Ысы',2,3.34,'Утреннее','2023-05-14','Не покормлен'),(431,10,6,'Ысы',2,3.34,'Вечернее','2023-05-14','Не покормлен'),(432,13,8,'Боб',2,0.11,'Утреннее','2023-05-14','Не покормлен'),(433,13,8,'Боб',2,0.11,'Вечернее','2023-05-14','Не покормлен'),(434,13,8,'Да',2,4.32,'Утреннее','2023-05-14','Не покормлен'),(435,13,8,'Да',2,4.32,'Вечернее','2023-05-14','Не покормлен'),(436,13,8,'Он',2,2.36,'Утреннее','2023-05-14','Не покормлен'),(437,13,8,'Он',2,2.36,'Вечернее','2023-05-14','Не покормлен'),(438,13,8,'Агык',2,1.23,'Утреннее','2023-05-14','Не покормлен'),(439,13,8,'Агык',2,1.23,'Вечернее','2023-05-14','Не покормлен'),(440,13,8,'Крутой',2,2.14,'Утреннее','2023-05-14','Не покормлен'),(441,13,8,'Крутой',2,2.14,'Вечернее','2023-05-14','Не покормлен'),(442,17,11,'Лииис',3,0.53,'Утреннее','2023-05-14','Не покормлен'),(443,17,11,'Лииис',3,0.53,'Вечернее','2023-05-14','Не покормлен'),(444,17,11,'Лиис',3,1,'Утреннее','2023-05-14','Не покормлен'),(445,17,11,'Лиис',3,1,'Вечернее','2023-05-14','Не покормлен'),(446,19,13,'Большой',2,543.67,'Утреннее','2023-05-14','Не покормлен'),(447,19,13,'Большой',2,543.67,'Вечернее','2023-05-14','Не покормлен'),(448,12,12,'Леша',1,7.84,'Утреннее','2023-05-14','Покормлен'),(449,12,12,'Леша',1,7.84,'Вечернее','2023-05-14','Не покормлен'),(450,11,17,'Семён Николаевич',4,0.03,'Утреннее','2023-05-14','Не покормлен'),(451,11,17,'Семён Николаевич',4,0.03,'Вечернее','2023-05-14','Не покормлен'),(452,20,18,'Дефолтный',12,35,'Утреннее','2023-05-14','Не покормлен'),(453,20,18,'Дефолтный',12,35,'Вечернее','2023-05-14','Не покормлен'),(454,15,16,'Ыфв',4,2.33,'Утреннее','2023-05-14','Не покормлен'),(455,15,16,'Ыфв',4,2.33,'Вечернее','2023-05-14','Не покормлен'),(456,13,8,'Боб',2,0.11,'Утреннее','2023-05-16','Не покормлен'),(457,13,8,'Боб',2,0.11,'Вечернее','2023-05-16','Не покормлен'),(458,13,8,'Да',2,4.32,'Утреннее','2023-05-16','Не покормлен'),(459,13,8,'Да',2,4.32,'Вечернее','2023-05-16','Не покормлен'),(460,13,8,'Он',2,2.36,'Утреннее','2023-05-16','Не покормлен'),(461,13,8,'Он',2,2.36,'Вечернее','2023-05-16','Не покормлен'),(462,13,8,'Агык',2,1.23,'Утреннее','2023-05-16','Не покормлен'),(463,13,8,'Агык',2,1.23,'Вечернее','2023-05-16','Не покормлен'),(464,13,8,'Крутой',2,2.14,'Утреннее','2023-05-16','Не покормлен'),(465,13,8,'Крутой',2,2.14,'Вечернее','2023-05-16','Не покормлен'),(466,19,13,'Большой',2,543.67,'Утреннее','2023-05-16','Не покормлен'),(467,19,13,'Большой',2,543.67,'Вечернее','2023-05-16','Не покормлен'),(468,17,11,'Лииис',2,0.53,'Утреннее','2023-05-16','Не покормлен'),(469,17,11,'Лииис',2,0.53,'Вечернее','2023-05-16','Не покормлен'),(470,17,11,'Лиис',2,1,'Утреннее','2023-05-16','Не покормлен'),(471,17,11,'Лиис',2,1,'Вечернее','2023-05-16','Не покормлен'),(472,11,17,'Семён Николаевич',2,0.03,'Утреннее','2023-05-16','Не покормлен'),(473,11,17,'Семён Николаевич',2,0.03,'Вечернее','2023-05-16','Не покормлен'),(474,22,21,'Квак',3,0,'Утреннее','2023-05-16','Не покормлен'),(475,22,21,'Квак',3,0,'Вечернее','2023-05-16','Не покормлен'),(476,10,6,'Олег',2,3.24,'Утреннее','2023-05-17','Ожидается'),(477,10,6,'Олег',2,3.24,'Вечернее','2023-05-17','Ожидается'),(478,10,6,'Петр',2,9.89,'Утреннее','2023-05-17','Ожидается'),(479,10,6,'Петр',2,9.89,'Вечернее','2023-05-17','Ожидается'),(480,10,6,'Ысы',2,3.34,'Утреннее','2023-05-17','Ожидается'),(481,10,6,'Ысы',2,3.34,'Вечернее','2023-05-17','Ожидается'),(482,13,8,'Боб',2,0.11,'Утреннее','2023-05-17','Ожидается'),(483,13,8,'Боб',2,0.11,'Вечернее','2023-05-17','Ожидается'),(484,13,8,'Да',2,4.32,'Утреннее','2023-05-17','Ожидается'),(485,13,8,'Да',2,4.32,'Вечернее','2023-05-17','Ожидается'),(486,13,8,'Он',2,2.36,'Утреннее','2023-05-17','Ожидается'),(487,13,8,'Он',2,2.36,'Вечернее','2023-05-17','Ожидается'),(488,13,8,'Агык',2,1.23,'Утреннее','2023-05-17','Ожидается'),(489,13,8,'Агык',2,1.23,'Вечернее','2023-05-17','Ожидается'),(490,13,8,'Крутой',2,2.14,'Утреннее','2023-05-17','Ожидается'),(491,13,8,'Крутой',2,2.14,'Вечернее','2023-05-17','Ожидается'),(492,17,11,'Лииис',2,0.53,'Утреннее','2023-05-17','Ожидается'),(493,17,11,'Лииис',2,0.53,'Вечернее','2023-05-17','Ожидается'),(494,17,11,'Лиис',2,1,'Утреннее','2023-05-17','Ожидается'),(495,17,11,'Лиис',2,1,'Вечернее','2023-05-17','Ожидается'),(496,19,13,'Большой',3,543.67,'Утреннее','2023-05-17','Ожидается'),(497,19,13,'Большой',3,543.67,'Вечернее','2023-05-17','Ожидается'),(498,11,17,'Семён Николаевич',4,0.03,'Утреннее','2023-05-17','Ожидается'),(499,11,17,'Семён Николаевич',4,0.03,'Вечернее','2023-05-17','Ожидается'),(500,20,18,'Дефолтный',12,35,'Утреннее','2023-05-17','Ожидается'),(501,20,18,'Дефолтный',12,35,'Вечернее','2023-05-17','Ожидается'),(502,22,21,'Квак',13,0,'Утреннее','2023-05-17','Ожидается'),(503,22,21,'Квак',13,0,'Вечернее','2023-05-17','Ожидается');
/*!40000 ALTER TABLE `animal_feeding` ENABLE KEYS */;

-- 
-- Definition of animalsnick
-- 

DROP TABLE IF EXISTS `animalsnick`;
CREATE TABLE IF NOT EXISTS `animalsnick` (
  `id` int(11) NOT NULL AUTO_INCREMENT,
  `idanimals` int(11) NOT NULL,
  `nickname` varchar(45) NOT NULL,
  `weight` decimal(10,2) NOT NULL,
  `receipt_date` varchar(45) NOT NULL,
  PRIMARY KEY (`id`),
  KEY `yhg_idx` (`idanimals`),
  CONSTRAINT `yhg` FOREIGN KEY (`idanimals`) REFERENCES `animals` (`id`) ON DELETE CASCADE ON UPDATE CASCADE
) ENGINE=InnoDB AUTO_INCREMENT=24 DEFAULT CHARSET=utf8;

-- 
-- Dumping data for table animalsnick
-- 

/*!40000 ALTER TABLE `animalsnick` DISABLE KEYS */;
INSERT INTO `animalsnick`(`id`,`idanimals`,`nickname`,`weight`,`receipt_date`) VALUES(1,6,'Олег',324.00,'2023-03-22'),(2,7,'Ага',34.00,'2023-03-22'),(3,8,'Боб',11.00,'2023-03-22'),(4,8,'Да',432.00,'2023-03-22'),(5,11,'Лииис',53.00,'2023-03-31'),(6,12,'Леша',783.50,'2023-03-31'),(7,7,'Коонь',324.90,'2023-03-31'),(8,11,'Лиис',100.40,'2023-03-31'),(9,8,'Он',235.97,'2023-03-31'),(10,6,'Петр',989.34,'2023-03-31'),(11,6,'Ысы',333.55,'2023-03-31'),(12,8,'Агык',123.00,'2023-03-31'),(13,8,'Крутой',213.66,'2023-03-31'),(14,14,'Зуб',546.88,'2023-04-05'),(15,13,'Большой',54366.66,'2023-04-05'),(16,17,'Семён Николаевич',3.00,'2023-04-30'),(17,18,'Дефолтный',3500.00,'2023-05-04'),(18,16,'Ыфв',233.00,'2023-05-04'),(19,23,'Инакентий',24.40,'2023-05-16'),(20,19,'Красивый',49.70,'2023-05-16'),(21,20,'Страшный',0.60,'2023-05-16'),(22,21,'Квак',0.50,'2023-05-16'),(23,22,'Некарась',0.10,'2023-05-16');
/*!40000 ALTER TABLE `animalsnick` ENABLE KEYS */;

-- 
-- Definition of diet
-- 

DROP TABLE IF EXISTS `diet`;
CREATE TABLE IF NOT EXISTS `diet` (
  `id` int(11) NOT NULL AUTO_INCREMENT,
  `idanimals` int(11) NOT NULL,
  `idfeed` int(11) NOT NULL,
  `days` varchar(200) NOT NULL,
  PRIMARY KEY (`id`),
  KEY `ngffg_idx` (`idanimals`),
  KEY `fdgf_idx` (`idfeed`),
  CONSTRAINT `fdgf` FOREIGN KEY (`idfeed`) REFERENCES `feed` (`id`) ON DELETE CASCADE ON UPDATE CASCADE,
  CONSTRAINT `ngffg` FOREIGN KEY (`idanimals`) REFERENCES `animals` (`id`) ON DELETE CASCADE ON UPDATE CASCADE
) ENGINE=InnoDB AUTO_INCREMENT=22 DEFAULT CHARSET=utf8;

-- 
-- Dumping data for table diet
-- 

/*!40000 ALTER TABLE `diet` DISABLE KEYS */;
INSERT INTO `diet`(`id`,`idanimals`,`idfeed`,`days`) VALUES(1,7,1,'пн,вт,ср,чт,пт,сб,вс'),(2,6,2,'пн,ср,пт,вс'),(4,8,2,'вт,ср,чт'),(5,8,1,'пт,вс'),(6,11,3,'чт,пт'),(7,13,2,'вт,чт,сб'),(8,11,2,'пн,вт,ср'),(9,11,1,'сб,вс'),(10,13,1,'пн'),(11,12,1,'пн'),(12,8,4,'сб,пн'),(13,13,3,'ср'),(14,13,3,'пт'),(15,13,4,'вс'),(16,17,4,'вс,ср'),(17,17,2,'сб,пт,чт,вт,пн'),(18,18,12,'чт,ср'),(19,16,4,'чт'),(20,21,13,'вс,пт,ср,пн'),(21,21,3,'сб,чт,вт');
/*!40000 ALTER TABLE `diet` ENABLE KEYS */;

-- 
-- Definition of feed
-- 

DROP TABLE IF EXISTS `feed`;
CREATE TABLE IF NOT EXISTS `feed` (
  `id` int(11) NOT NULL AUTO_INCREMENT,
  `name_food` varchar(45) NOT NULL,
  `remainder` decimal(10,2) NOT NULL,
  PRIMARY KEY (`id`)
) ENGINE=InnoDB AUTO_INCREMENT=14 DEFAULT CHARSET=utf8;

-- 
-- Dumping data for table feed
-- 

/*!40000 ALTER TABLE `feed` DISABLE KEYS */;
INSERT INTO `feed`(`id`,`name_food`,`remainder`) VALUES(1,'Сено',100062.52),(2,'Мясо',98851.56),(3,'Трава',9439.76),(4,'Рыба',877721.78),(5,'Комбикорм',145.67),(8,'Пшено',324.60),(10,'Сахарная свекла',66.00),(12,'Филе курицы',1000.00),(13,'Комар',8.00);
/*!40000 ALTER TABLE `feed` ENABLE KEYS */;

-- 
-- Definition of feed_order
-- 

DROP TABLE IF EXISTS `feed_order`;
CREATE TABLE IF NOT EXISTS `feed_order` (
  `id` int(11) NOT NULL AUTO_INCREMENT,
  `idfeeding_supplier` int(11) NOT NULL,
  `idfeed` int(11) NOT NULL,
  `feed_quantity_kg` decimal(10,2) NOT NULL,
  `price` decimal(10,2) NOT NULL,
  `order_date` varchar(45) NOT NULL,
  PRIMARY KEY (`id`),
  UNIQUE KEY `id_UNIQUE` (`id`),
  KEY `qw_idx` (`idfeed`),
  KEY `gh_idx` (`idfeeding_supplier`),
  CONSTRAINT `gh` FOREIGN KEY (`idfeeding_supplier`) REFERENCES `feed_supplier` (`id`) ON DELETE CASCADE ON UPDATE CASCADE,
  CONSTRAINT `qw` FOREIGN KEY (`idfeed`) REFERENCES `feed` (`id`) ON DELETE CASCADE ON UPDATE CASCADE
) ENGINE=InnoDB AUTO_INCREMENT=34 DEFAULT CHARSET=utf8;

-- 
-- Dumping data for table feed_order
-- 

/*!40000 ALTER TABLE `feed_order` DISABLE KEYS */;
INSERT INTO `feed_order`(`id`,`idfeeding_supplier`,`idfeed`,`feed_quantity_kg`,`price`,`order_date`) VALUES(1,2,2,4.00,147.20,'2023-03-26'),(2,3,3,56.00,1932.00,'2023-03-26'),(3,2,2,565.00,20792.00,'2023-03-26'),(4,5,5,67.00,3015.00,'2023-03-26'),(5,1,1,5.50,1886.50,'2023-03-27'),(7,5,5,6.67,299.97,'2023-03-27'),(8,2,2,4366.00,160668.80,'2023-03-27'),(9,5,5,9.00,405.00,'2023-03-27'),(10,5,5,9.00,405.00,'2023-03-27'),(11,1,1,8.00,2744.00,'2023-03-27'),(13,4,4,7.00,315.00,'2023-03-27'),(14,4,4,8.00,360.00,'2023-03-27'),(15,1,1,100.00,34300.00,'2023-03-31'),(16,1,1,134.67,46190.67,'2023-04-05'),(18,1,1,100.00,34300.00,'2023-04-08'),(19,4,4,77.00,3465.00,'2023-04-08'),(20,3,3,8986.00,310017.00,'2023-04-08'),(21,1,1,86866.00,29795038.00,'2023-04-08'),(22,4,4,757.00,34065.00,'2023-04-08'),(23,4,4,876876.00,39459420.00,'2023-04-08'),(24,1,1,34223.00,11738489.00,'2023-04-12'),(25,4,4,4.00,180.00,'2023-04-12'),(26,2,2,45.00,1656.00,'2023-04-12'),(27,1,1,43.00,14749.00,'2023-04-12'),(28,12,12,4.00,723.60,'2023-04-18'),(29,10,10,66.00,2244.00,'2023-04-18'),(30,1,1,100000.00,34300000.00,'2023-04-28'),(31,2,2,99900.00,3676320.00,'2023-04-28'),(32,3,3,65.00,2242.50,'2023-05-05'),(33,3,3,1.00,34.50,'2023-05-05');
/*!40000 ALTER TABLE `feed_order` ENABLE KEYS */;

-- 
-- Definition of feed_supplier
-- 

DROP TABLE IF EXISTS `feed_supplier`;
CREATE TABLE IF NOT EXISTS `feed_supplier` (
  `id` int(11) NOT NULL AUTO_INCREMENT,
  `organization_name` varchar(45) NOT NULL,
  `idfeed` int(11) NOT NULL,
  `price` decimal(10,2) NOT NULL,
  PRIMARY KEY (`id`),
  UNIQUE KEY `id_UNIQUE` (`id`),
  KEY `qwe_idx` (`idfeed`),
  CONSTRAINT `qwe` FOREIGN KEY (`idfeed`) REFERENCES `feed` (`id`) ON DELETE CASCADE ON UPDATE CASCADE
) ENGINE=InnoDB AUTO_INCREMENT=14 DEFAULT CHARSET=utf8;

-- 
-- Dumping data for table feed_supplier
-- 

/*!40000 ALTER TABLE `feed_supplier` DISABLE KEYS */;
INSERT INTO `feed_supplier`(`id`,`organization_name`,`idfeed`,`price`) VALUES(1,'Ника',1,10.00),(2,'ООО Мясо',2,36.80),(3,'ООО Трава',3,34.50),(4,'ООО Рыба',4,45.00),(5,'Алексеев П.П.',5,45.00),(8,'ОАО Пшено',8,43.80),(10,'ООО Свекла',10,34.00),(12,'ООО Филе',12,180.90),(13,'Природа',13,1.00);
/*!40000 ALTER TABLE `feed_supplier` ENABLE KEYS */;

-- 
-- Definition of feeding_schedule
-- 

DROP TABLE IF EXISTS `feeding_schedule`;
CREATE TABLE IF NOT EXISTS `feeding_schedule` (
  `id` int(11) NOT NULL AUTO_INCREMENT,
  `idanimals` int(11) NOT NULL,
  `morning_feeding` varchar(45) NOT NULL,
  `party_feeding` varchar(45) NOT NULL,
  PRIMARY KEY (`id`),
  UNIQUE KEY `id_UNIQUE` (`id`),
  KEY `fgg_idx` (`idanimals`),
  CONSTRAINT `gd` FOREIGN KEY (`idanimals`) REFERENCES `animals` (`id`) ON DELETE CASCADE ON UPDATE CASCADE
) ENGINE=InnoDB AUTO_INCREMENT=12 DEFAULT CHARSET=utf8;

-- 
-- Dumping data for table feeding_schedule
-- 

/*!40000 ALTER TABLE `feeding_schedule` DISABLE KEYS */;
INSERT INTO `feeding_schedule`(`id`,`idanimals`,`morning_feeding`,`party_feeding`) VALUES(1,6,'08:01','19:00'),(2,7,'08:00','18:00'),(3,8,'07:05','15:05'),(4,11,'07:22','23:00'),(5,12,'07:21','17:21'),(6,14,'07:09','17:13'),(7,13,'07:09','17:13'),(8,16,'07:21','16:21'),(9,17,'07:00','22:00'),(10,18,'06:33','21:33'),(11,21,'06:05','21:05');
/*!40000 ALTER TABLE `feeding_schedule` ENABLE KEYS */;

-- 
-- Definition of staff
-- 

DROP TABLE IF EXISTS `staff`;
CREATE TABLE IF NOT EXISTS `staff` (
  `id` int(11) NOT NULL AUTO_INCREMENT,
  `iduser` int(11) NOT NULL,
  `idanimal` int(11) NOT NULL,
  PRIMARY KEY (`id`),
  UNIQUE KEY `id_UNIQUE` (`id`),
  KEY `g_idx` (`idanimal`),
  KEY `hg_idx` (`iduser`),
  CONSTRAINT `fdg` FOREIGN KEY (`iduser`) REFERENCES `users` (`id`) ON DELETE CASCADE ON UPDATE CASCADE,
  CONSTRAINT `ыав` FOREIGN KEY (`idanimal`) REFERENCES `animals` (`id`) ON DELETE CASCADE ON UPDATE CASCADE
) ENGINE=InnoDB AUTO_INCREMENT=24 DEFAULT CHARSET=utf8;

-- 
-- Dumping data for table staff
-- 

/*!40000 ALTER TABLE `staff` DISABLE KEYS */;
INSERT INTO `staff`(`id`,`iduser`,`idanimal`) VALUES(10,11,6),(11,12,17),(12,13,12),(13,14,8),(15,16,16),(16,13,14),(17,12,11),(19,11,13),(20,14,18),(21,15,20),(22,16,21),(23,15,22);
/*!40000 ALTER TABLE `staff` ENABLE KEYS */;

-- 
-- Definition of users
-- 

DROP TABLE IF EXISTS `users`;
CREATE TABLE IF NOT EXISTS `users` (
  `id` int(11) NOT NULL AUTO_INCREMENT,
  `fio` varchar(100) DEFAULT NULL,
  `login` varchar(45) NOT NULL,
  `passwd` varchar(200) NOT NULL,
  `age` int(2) DEFAULT NULL,
  `role` varchar(45) NOT NULL,
  PRIMARY KEY (`id`),
  UNIQUE KEY `id_UNIQUE` (`id`),
  UNIQUE KEY `login_UNIQUE` (`login`)
) ENGINE=InnoDB AUTO_INCREMENT=20 DEFAULT CHARSET=utf8;

-- 
-- Dumping data for table users
-- 

/*!40000 ALTER TABLE `users` DISABLE KEYS */;
INSERT INTO `users`(`id`,`fio`,`login`,`passwd`,`age`,`role`) VALUES(1,'Лебедев А.С.','admin','8c6976e5b5410415bde908bd4dee15dfb167a9c873fc4bb8a81f6f2ab448a918',18,'Администратор'),(11,'Перистов Д.С.','user','04f8996da763b7a969b1028ee3007569eaf3a635486ddab211d512c85b9df8fb',19,'Сотрудник'),(12,'Ника','user1','04f8996da763b7a969b1028ee3007569eaf3a635486ddab211d512c85b9df8fb',4,'Сотрудник'),(13,'Егоров Д.Д.','user2','04f8996da763b7a969b1028ee3007569eaf3a635486ddab211d512c85b9df8fb',75,'Сотрудник'),(14,'Александр П.П.','user3','04f8996da763b7a969b1028ee3007569eaf3a635486ddab211d512c85b9df8fb',23,'Сотрудник'),(15,'Валентин А.А.','user4','04f8996da763b7a969b1028ee3007569eaf3a635486ddab211d512c85b9df8fb',44,'Сотрудник'),(16,'Онсамый Н.С.','user5','a418d52acf254bf217d76d4fb18e8472b7a8b4df2f9ec3631bea0da1887d2e84',34,'Сотрудник');
/*!40000 ALTER TABLE `users` ENABLE KEYS */;

-- 
-- Definition of views_animals
-- 

DROP TABLE IF EXISTS `views_animals`;
CREATE TABLE IF NOT EXISTS `views_animals` (
  `id` int(11) NOT NULL AUTO_INCREMENT,
  `view` varchar(45) NOT NULL,
  PRIMARY KEY (`id`),
  UNIQUE KEY `id_UNIQUE` (`id`)
) ENGINE=InnoDB AUTO_INCREMENT=9 DEFAULT CHARSET=utf8;

-- 
-- Dumping data for table views_animals
-- 

/*!40000 ALTER TABLE `views_animals` DISABLE KEYS */;
INSERT INTO `views_animals`(`id`,`view`) VALUES(1,'Млекопитающие'),(2,'Пресмыкающиеся'),(3,'Птицы'),(4,'Земноводные'),(5,'Рыбы'),(6,'Паукообразные'),(7,'Ракообразные'),(8,'Домашние');
/*!40000 ALTER TABLE `views_animals` ENABLE KEYS */;


/*!40101 SET SQL_MODE=@OLD_SQL_MODE */;
/*!40014 SET FOREIGN_KEY_CHECKS=@OLD_FOREIGN_KEY_CHECKS */;
/*!40014 SET UNIQUE_CHECKS=@OLD_UNIQUE_CHECKS */;
/*!40101 SET CHARACTER_SET_CLIENT=@OLD_CHARACTER_SET_CLIENT */;
/*!40101 SET CHARACTER_SET_RESULTS=@OLD_CHARACTER_SET_RESULTS */;
/*!40101 SET COLLATION_CONNECTION=@OLD_COLLATION_CONNECTION */;
/*!40111 SET SQL_NOTES=@OLD_SQL_NOTES */;


-- Dump completed on 2023-05-17 00:58:43
-- Total time: 0:0:0:0:88 (d:h:m:s:ms)
